20at7147,4
29at7147,2R
51at7147,3L
80at7147,3R
94at7147,3R
158at7147,3L
161at7147,2L
169at7147,3L
178at7147,3L
208at7147,2R
287at7147,X
296at7147,2L
300at7147,3R
304at7147,X
328at7147,2L
329at7147,2R
376at7147,3R
377at7147,2L
396at7147,2R
423at7147,3L
432at7147,X
459at7147,3R
466at7147,2L
491at7147,3R
508at7147,2R
509at7147,2R
516at7147,3R
556at7147,2L
566at7147,2L
591at7147,X
595at7147,3R
597at7147,3L
608at7147,3L
610at7147,3R
612at7147,2R
626at7147,3R
648at7147,X
698at7147,3L
729at7147,3L
745at7147,X
762at7147,2R
765at7147,2R
784at7147,2L
811at7147,2R
814at7147,X
824at7147,X
839at7147,3R
860at7147,3L
869at7147,3R
889at7147,3L
898at7147,X
920at7147,3L
967at7147,3R
969at7147,X
976at7147,3R
977at7147,2L
981at7147,3R
1009at7147,4
1015at7147,3R
1017at7147,2L
1064at7147,2R
1082at7147,2L
1099at7147,2R
1122at7147,2R
1142at7147,X
1152at7147,3L
1190at7147,3R
1204at7147,3R
1216at7147,3R
1224at7147,3R
1246at7147,2L
1270at7147,3R
1273at7147,3R
1288at7147,2R
1297at7147,2R
1314at7147,3R
1378at7147,X
1388at7147,2R
1424at7147,3R
1448at7147,2L
1460at7147,3L
1492at7147,2L
1519at7147,3R
1524at7147,3R
1539at7147,X
1545at7147,3L
1553at7147,3L
1616at7147,2R
1629at7147,2L
1636at7147,2L
1674at7147,3L
1712at7147,X
1727at7147,2L
1738at7147,3R
1739at7147,2L
1759at7147,3L
1786at7147,X
1789at7147,3R
1846at7147,3L
1858at7147,2L
1898at7147,X
1926at7147,2R
1957at7147,X
1962at7147,2L
1967at7147,X
1975at7147,X
2004at7147,2L
2027at7147,3L
2048at7147,2L
2092at7147,X
2104at7147,2L
2109at7147,2L
2118at7147,3R
2164at7147,X
2199at7147,3R
2200at7147,X
2213at7147,3R
2232at7147,X
2233at7147,2L
2249at7147,2R
2257at7147,X
2273at7147,2L
2274at7147,3L
2293at7147,2R
2302at7147,2R
2306at7147,3L
2315at7147,3L
2334at7147,2R
2361at7147,3R
2377at7147,2L
2383at7147,3L
2390at7147,2R
2407at7147,3L
2421at7147,3R
2437at7147,2L
2459at7147,2R
2483at7147,2L
2497at7147,2R
2501at7147,2L
2540at7147,2R
2590at7147,3R
2598at7147,3R
2625at7147,3R
2656at7147,X
2661at7147,2L
2687at7147,X
2714at7147,3R
2750at7147,3L
2752at7147,X
2768at7147,3L
2780at7147,3L
2789at7147,3R
2817at7147,3L
2831at7147,3R
2841at7147,2L
2843at7147,3L
2889at7147,2L
2891at7147,3R
2918at7147,2R
2948at7147,X
2953at7147,3R
2987at7147,3R
3013at7147,2L
3067at7147,2L
3077at7147,2L
3078at7147,2R
3095at7147,3R
3096at7147,3R
3107at7147,2R
3153at7147,3R
3183at7147,X
3196at7147,3R
3208at7147,2R
3236at7147,2R
3250at7147,2L
3264at7147,3R
3275at7147,2R
3283at7147,3L
3371at7147,X
3394at7147,3R
3420at7147,2R
3422at7147,X
3429at7147,2L
3440at7147,3R
3442at7147,2L
3445at7147,3L
3469at7147,2R
3500at7147,X
3505at7147,3L
3510at7147,3R
3521at7147,3L
3551at7147,3R
3553at7147,3R
3556at7147,2R
3560at7147,2R
3562at7147,3L
3585at7147,3R
3601at7147,3R
3605at7147,X
3644at7147,2R
3647at7147,2L
3679at7147,2L
3700at7147,2L
3707at7147,X
3716at7147,X
3724at7147,2L
3746at7147,3L
3753at7147,2R
3786at7147,X
3789at7147,2R
3831at7147,2L
3841at7147,2R
3842at7147,2R
3861at7147,3R
3868at7147,X
3869at7147,2R
3884at7147,2R
3915at7147,2R
3921at7147,3R
3935at7147,3R
3937at7147,3R
4013at7147,2R
4015at7147,3L
4035at7147,3R
4042at7147,3R
4053at7147,2L
4076at7147,2R
4133at7147,X
4145at7147,4
4163at7147,2R
4165at7147,3L
4190at7147,X
4208at7147,2L
4218at7147,X
4227at7147,2R
4233at7147,3R
4244at7147,2R
4262at7147,3L
4270at7147,X
4283at7147,2R
4291at7147,2R
4293at7147,3L
4298at7147,3R
4304at7147,3R
4336at7147,X
4344at7147,X
4355at7147,3L
4382at7147,4
4396at7147,2R
4401at7147,X
4408at7147,2L
4416at7147,2L
4451at7147,X
4453at7147,2L
4461at7147,2R
4496at7147,3L
4497at7147,3R
4538at7147,2R
4541at7147,3L
4551at7147,3R
4568at7147,X
4573at7147,3L
4612at7147,3L
4661at7147,2R
4736at7147,3R
4794at7147,3R
4796at7147,3L
4801at7147,X
4853at7147,3L
4860at7147,3L
4872at7147,X
4886at7147,3L
4922at7147,2R
4924at7147,3L
4939at7147,2L
4953at7147,2R
4986at7147,3L
5008at7147,3R
5032at7147,3R
5041at7147,2L
5086at7147,4
5100at7147,X
5132at7147,3R
5170at7147,2L
5172at7147,3R
5188at7147,X
5195at7147,X
5203at7147,3R
5223at7147,2R
5264at7147,X
5281at7147,2L
5309at7147,2R
5354at7147,X
5382at7147,X
5385at7147,2L
5394at7147,X
5396at7147,2R
5439at7147,2L
5446at7147,2L
5461at7147,2R
5469at7147,3R
5481at7147,2R
5504at7147,2L
5553at7147,3R
5561at7147,2L
5566at7147,2R
5585at7147,2R
5593at7147,3R
5630at7147,X
5732at7147,2L
5770at7147,3L
5771at7147,3L
5799at7147,3L
5848at7147,X
5853at7147,2R
5858at7147,3R
5868at7147,3R
5950at7147,2L
5986at7147,X
6006at7147,3L
6011at7147,2R
6029at7147,X
6036at7147,X
6066at7147,3L
6077at7147,3R
6097at7147,3R
6114at7147,2L
6155at7147,2L
6178at7147,2L
6238at7147,2L
6258at7147,X
6281at7147,X
6287at7147,2R
6332at7147,2R
6359at7147,2L
6368at7147,3L
6375at7147,X
6383at7147,X
6414at7147,3L
6417at7147,3R
6450at7147,2L
6461at7147,2L
6484at7147,2R
6487at7147,X
6503at7147,2R
6508at7147,2L
6524at7147,2L
6536at7147,3R
6537at7147,2R
6539at7147,3R
6572at7147,3L
6635at7147,3L
6656at7147,2R
6739at7147,3R
6751at7147,3L
6780at7147,3L
6804at7147,X
6817at7147,2L
6820at7147,3L
6852at7147,3R
6861at7147,X
6869at7147,3L
6894at7147,2L
6900at7147,3R
6917at7147,3L
6946at7147,3L
6992at7147,3R
7011at7147,3R
7024at7147,2L
7032at7147,2L
7034at7147,3R
7035at7147,3R
7061at7147,3R
7071at7147,2R
7120at7147,2R
7133at7147,3R
7158at7147,X
7164at7147,2R
7171at7147,X
7181at7147,2L
7208at7147,X
7218at7147,2R
7270at7147,X
7272at7147,X
7282at7147,3R
7309at7147,2R
7311at7147,3L
7326at7147,3R
7340at7147,2R
7341at7147,3R
7349at7147,3L
7355at7147,3R
7365at7147,3L
7366at7147,3L
7384at7147,3L
7394at7147,2L
7403at7147,2L
7416at7147,3L
7424at7147,3L
7426at7147,2R
7429at7147,3L
7438at7147,2L
7466at7147,2R
7480at7147,2L
7526at7147,2L
7535at7147,2L
7558at7147,X
7573at7147,3R
7575at7147,3L
7592at7147,2L
7596at7147,3L
7616at7147,2R
7628at7147,2L
7642at7147,2L
7661at7147,X
7673at7147,3R
7707at7147,2L
7732at7147,3L
7736at7147,2R
7747at7147,2R
7754at7147,X
7772at7147,2R
7775at7147,3L
7792at7147,3R
7827at7147,X
7863at7147,3L
7870at7147,2R
7887at7147,X
7900at7147,X
7917at7147,2R
7954at7147,2L
7955at7147,3R
7966at7147,3R
8001at7147,X
8031at7147,X
8033at7147,2L
8037at7147,3R
8060at7147,X
8070at7147,3R
8084at7147,3R
8099at7147,2L
8101at7147,3R
8106at7147,X
8135at7147,3R
8171at7147,2R
8176at7147,X
8216at7147,2R
8225at7147,2L
8234at7147,3R
8245at7147,3L
8259at7147,3R
8286at7147,2R
8350at7147,3R
8365at7147,2R
8373at7147,3L
8389at7147,3R
8399at7147,2R
8406at7147,X
8407at7147,2L
8414at7147,X
8417at7147,2R
8418at7147,X
8453at7147,3R
8454at7147,2L
8472at7147,3L
8482at7147,2L
8492at7147,2L
8505at7147,X
8518at7147,3L
8522at7147,X
8534at7147,X
8543at7147,3L
8545at7147,X
8604at7147,2R
8618at7147,3R
8630at7147,3L
8652at7147,3L
8662at7147,X
8675at7147,3R
8698at7147,3R
8713at7147,2R
8719at7147,3R
8729at7147,3L
8776at7147,2R
8777at7147,3R
8820at7147,3L
8830at7147,3R
8858at7147,2L
8902at7147,3L
8929at7147,2L
8935at7147,2L
8968at7147,3R
8971at7147,X
8997at7147,X
9003at7147,2R
9017at7147,2R
9059at7147,2L
9064at7147,3R
9067at7147,3R
9084at7147,3R
9107at7147,3R
9117at7147,3R
9118at7147,3L
9148at7147,X
9161at7147,2R
9166at7147,X
9178at7147,2R
9202at7147,X
9219at7147,3R
9260at7147,2L
9277at7147,2R
9295at7147,3L
9303at7147,3L
9326at7147,3L
9336at7147,2L
9337at7147,X
9357at7147,2R
9363at7147,3R
9373at7147,3R
9424at7147,2L
9447at7147,2R
9534at7147,2R
9566at7147,X
9569at7147,2R
9581at7147,X
9594at7147,3R
9608at7147,3L
9655at7147,3L
9671at7147,3R
9673at7147,2L
9679at7147,X
9705at7147,2L
9709at7147,2R
9717at7147,2R
9747at7147,X
9762at7147,3L
9777at7147,2R
9779at7147,3L
9792at7147,X
9809at7147,2R
9828at7147,3R
9834at7147,3R
9837at7147,2L
9844at7147,3R
9848at7147,3L
9853at7147,3L
9872at7147,2R
9926at7147,X
9929at7147,3L
9963at7147,2L
9987at7147,X
10003at7147,2R
10012at7147,2L
10021at7147,2R
10036at7147,X
10087at7147,2L
10103at7147,2R
10126at7147,X
10146at7147,3R
10162at7147,3R
10172at7147,2L
10174at7147,2L
10192at7147,3R
10205at7147,3L
10213at7147,2R
10216at7147,2L
10234at7147,2R
10241at7147,X
10251at7147,3L
10272at7147,2R
10316at7147,3L
10350at7147,X
10352at7147,3L
10371at7147,2R
10378at7147,2R
10392at7147,3R
10420at7147,3L
10426at7147,2L
10433at7147,3R
10441at7147,2R
10481at7147,X
10506at7147,2R
10512at7147,3L
10520at7147,3R
10531at7147,3L
10536at7147,2L
10625at7147,2L
10627at7147,X
10672at7147,2R
10687at7147,3R
10726at7147,2R
10759at7147,3L
10764at7147,2L
10777at7147,3L
10797at7147,3L
10808at7147,3L
10812at7147,2L
10826at7147,3L
10839at7147,3L
10848at7147,3R
10855at7147,3R
10872at7147,3R
10879at7147,3L
10888at7147,3L
10891at7147,2R
10893at7147,X
10900at7147,2R
10927at7147,2R
10937at7147,2L
10963at7147,3R
10970at7147,X
10997at7147,2R
11012at7147,X
11041at7147,2L
11078at7147,3L
11083at7147,2R
11105at7147,3L
11125at7147,X
11165at7147,3R
11179at7147,3R
11183at7147,3R
11193at7147,3L
11268at7147,3R
11310at7147,X
11311at7147,X
11362at7147,2L
11384at7147,2L
11388at7147,3R
11394at7147,2R
11408at7147,2R
11437at7147,3R
11476at7147,X
11487at7147,2L
11495at7147,2R
11593at7147,3R
11599at7147,X
11623at7147,3L
11673at7147,3R
11681at7147,2R
11713at7147,2R
11767at7147,X
11794at7147,2L
11809at7147,3L
11832at7147,3L
11854at7147,3R
11870at7147,3R
11891at7147,X
11909at7147,2L
11914at7147,3R
11923at7147,3R
11951at7147,3L
11987at7147,X
12067at7147,3L
12095at7147,3R
12102at7147,3R
12185at7147,3L
12192at7147,2L
12214at7147,3R
12250at7147,2L
12257at7147,X
12291at7147,X
12320at7147,3R
12361at7147,2L
12368at7147,3L
12403at7147,3L
12426at7147,3L
12434at7147,X
12448at7147,3R
12484at7147,3R
12498at7147,2R
12524at7147,2R
12548at7147,3R
12554at7147,X
12665at7147,3L
12684at7147,3R
12697at7147,X
12708at7147,3R
12806at7147,2R
12808at7147,3R
12809at7147,X
12831at7147,3R
12835at7147,2R
12843at7147,3L
12852at7147,3L
12913at7147,3L
12916at7147,3R
12922at7147,3R
12935at7147,2R
12938at7147,3L
12959at7147,2R
12961at7147,X
13072at7147,3L
13150at7147,3L
13201at7147,X
13206at7147,3R
13221at7147,2L
13267at7147,2R
13288at7147,2R
13358at7147,2L
13368at7147,X
13374at7147,X
13402at7147,2L
13413at7147,3R
13415at7147,3L
13429at7147,2L
13442at7147,3R
13446at7147,2L
13486at7147,3L
13499at7147,3R
13510at7147,2R
13511at7147,2L
13548at7147,2L
13606at7147,2R
13637at7147,2L
13645at7147,X
13662at7147,X
13664at7147,2R
13678at7147,X
13719at7147,2R
13745at7147,3L
13754at7147,2R
13769at7147,X
13772at7147,3R
13828at7147,X
13837at7147,3L
13844at7147,3R
13871at7147,3R
13877at7147,3L
13880at7147,2L
13885at7147,X
13888at7147,X
13892at7147,3L
13896at7147,2R
13921at7147,3R
13925at7147,3L
13926at7147,3L
13930at7147,2R
13936at7147,2R
13948at7147,2L
13960at7147,3L
13964at7147,X
13969at7147,2L
13976at7147,3L
13982at7147,X
13983at7147,X
14057at7147,X
14069at7147,2L
14098at7147,X
14119at7147,2R
14136at7147,3R
14146at7147,3R
14162at7147,2R
14180at7147,X
14184at7147,3L
14196at7147,2L
14219at7147,2R
14234at7147,4
14254at7147,3L
14255at7147,X
14257at7147,3R
14270at7147,3R
14276at7147,X
14309at7147,3L
14333at7147,3R
14334at7147,3R
14340at7147,X
14354at7147,X
14367at7147,3L
14378at7147,3L
14412at7147,X
14426at7147,3L
14432at7147,2L
14481at7147,3R
14482at7147,2L
14488at7147,2R
14495at7147,3R
14506at7147,2L
14508at7147,3R
14525at7147,3L
14561at7147,3L
14614at7147,2R
14625at7147,2L
14626at7147,3R
14688at7147,2R
14739at7147,2L
14756at7147,X
14774at7147,2L
14783at7147,X
14801at7147,2R
14803at7147,3R
14816at7147,3R
14825at7147,X
14838at7147,2L
14844at7147,2R
14862at7147,3R
14881at7147,2L
14886at7147,3L
14899at7147,X
14914at7147,2L
14933at7147,3L
14952at7147,3R
14969at7147,3L
14996at7147,2L
15010at7147,X
15021at7147,2L
15046at7147,3L
15060at7147,3R
15072at7147,2R
15095at7147,2R
15115at7147,3R
15144at7147,2R
15162at7147,X
15218at7147,3R
15235at7147,2L
15236at7147,3R
15247at7147,2R
15248at7147,3R
15254at7147,X
15295at7147,2R
15319at7147,2R
15331at7147,2L
15349at7147,2L
15355at7147,3R
15357at7147,2R
15415at7147,2R
15427at7147,3L
15458at7147,3R
15479at7147,3L
15484at7147,2L
15511at7147,3R
15520at7147,2L
15533at7147,3L
15535at7147,X
15557at7147,X
15589at7147,2R
15594at7147,3L
15650at7147,X
15691at7147,2L
15693at7147,X
15697at7147,2R
15731at7147,2R
15751at7147,X
15759at7147,2R
15769at7147,2R
15780at7147,2R
15788at7147,2L
15798at7147,2L
15804at7147,3L
15824at7147,2R
15838at7147,3R
15841at7147,3L
15849at7147,3R
15868at7147,2L
15888at7147,3R
15910at7147,3L
15913at7147,X
15924at7147,3R
15942at7147,3R
15947at7147,2L
15985at7147,2R
16001at7147,X
16005at7147,2R
16029at7147,2L
16069at7147,2R
16088at7147,2R
16156at7147,3R
16207at7147,3R
16209at7147,3L
16223at7147,2R
16269at7147,3R
16294at7147,3R
16309at7147,2R
16321at7147,2R
16368at7147,2L
16385at7147,3R
16390at7147,3R
16392at7147,3R
16404at7147,3R
16416at7147,3R
16426at7147,2R
16468at7147,3L
16477at7147,3L
16484at7147,3R
16499at7147,3R
16510at7147,3L
16536at7147,2L
16541at7147,2L
16573at7147,3L
16582at7147,3L
16602at7147,2R
16621at7147,3L
16654at7147,2L
16700at7147,2R
16704at7147,2L
16706at7147,2R
16793at7147,3R
16806at7147,3R
16807at7147,3R
16820at7147,3L
16827at7147,3R
16831at7147,X
16833at7147,2L
16851at7147,3L
16871at7147,3L
16900at7147,3L
16910at7147,2R
16912at7147,X
16925at7147,3L
16926at7147,X
16972at7147,2R
17011at7147,3L
17030at7147,X
17064at7147,X
17067at7147,3L
17094at7147,X
17110at7147,2R
17130at7147,2R
17155at7147,3L
17164at7147,3L
17173at7147,3R
17175at7147,X
17176at7147,3L
17191at7147,X
17194at7147,2R
17197at7147,X
17199at7147,3L
17231at7147,X
17275at7147,3R
17280at7147,3L
17341at7147,3R
17367at7147,2R
17374at7147,2R
17392at7147,2R
17450at7147,2L
17458at7147,2L
17462at7147,3R
17467at7147,3R
17523at7147,X
17531at7147,3R
17535at7147,4
17576at7147,3R
17605at7147,3R
17607at7147,3R
17616at7147,3L
17657at7147,2R
17669at7147,3R
17677at7147,2R
17682at7147,3L
17686at7147,2R
17694at7147,3R
17699at7147,2R
17701at7147,3R
17711at7147,3L
17712at7147,3R
17764at7147,2L
17781at7147,X
17796at7147,2R
17802at7147,X
17803at7147,2L
17815at7147,2R
17819at7147,3L
17835at7147,3L
17902at7147,2R
17905at7147,3R
17918at7147,3L
17922at7147,3L
17947at7147,3L
17957at7147,X
17989at7147,3L
18000at7147,2L
18017at7147,2L
18042at7147,3R
18097at7147,3L
18153at7147,2L
18167at7147,3R
18233at7147,X
18262at7147,2R
18309at7147,2R
18316at7147,3L
18318at7147,3L
18331at7147,3L
18389at7147,2L
18393at7147,2R
18465at7147,3R
18494at7147,2R
18514at7147,3R
18521at7147,2L
18529at7147,3R
18544at7147,3L
18551at7147,3R
18561at7147,3L
18564at7147,3L
18587at7147,X
18642at7147,3R
18686at7147,2L
18757at7147,3R
18759at7147,2R
18773at7147,2L
18797at7147,3L
18862at7147,3R
18875at7147,X
18892at7147,X
18914at7147,2L
18967at7147,3R
18970at7147,2R
19016at7147,2R
19060at7147,2L
19095at7147,2L
19232at7147,2R
19240at7147,3L
19243at7147,2L
19298at7147,2L
19314at7147,2R
19350at7147,2R
19377at7147,X
19391at7147,X
19401at7147,X
19449at7147,X
19459at7147,2L
19475at7147,3R
19505at7147,3R
19517at7147,3R
19518at7147,2L
19550at7147,3R
19562at7147,X
19567at7147,X
19571at7147,X
19575at7147,3R
19591at7147,2L
19601at7147,X
19617at7147,2R
19641at7147,2R
19666at7147,3R
19706at7147,X
19741at7147,X
19745at7147,X
19765at7147,X
19831at7147,2L
19855at7147,3R
19859at7147,X
19899at7147,2L
19915at7147,2L
19929at7147,3L
19943at7147,3R
19946at7147,3R
19956at7147,2R
19959at7147,2L
20019at7147,2R
20030at7147,2R
20050at7147,2R
20077at7147,2L
20119at7147,X
20145at7147,3L
20155at7147,2R
20167at7147,X
20175at7147,2L
20186at7147,3R
20206at7147,3L
20227at7147,3L
20252at7147,3R
20280at7147,X
20349at7147,3L
20351at7147,3L
20400at7147,3L
20451at7147,2L
20465at7147,X
20504at7147,3R
20521at7147,2L
20540at7147,3L
20603at7147,3R
20612at7147,2R
20676at7147,X
20684at7147,3R
20706at7147,3R
20708at7147,2R
20721at7147,3R
20724at7147,3L
20759at7147,3R
20777at7147,2L
20780at7147,2R
20790at7147,3L
20808at7147,2L
20817at7147,3R
20829at7147,3R
20838at7147,2L
20839at7147,2L
20840at7147,3R
20895at7147,2R
20943at7147,2R
20952at7147,3R
20966at7147,3R
20982at7147,3L
20993at7147,3L
21008at7147,2R
21017at7147,3R
21063at7147,3R
21101at7147,X
21125at7147,4
21142at7147,2L
21168at7147,3L
21179at7147,X
21186at7147,X
21208at7147,2R
21223at7147,3L
21242at7147,X
21252at7147,2R
21256at7147,2R
21290at7147,2R
21382at7147,X
21406at7147,2L
21415at7147,3L
21668at7147,X
21695at7147,2R
21716at7147,2L
21727at7147,2R
21738at7147,X
21742at7147,3L
21751at7147,2L
21803at7147,2L
21828at7147,3L
21846at7147,3L
21851at7147,3L
21866at7147,3R
21880at7147,2R
21904at7147,2R
22012at7147,3R
22017at7147,2L
22042at7147,3R
22054at7147,3R
22067at7147,3R
22088at7147,3L
22094at7147,3R
22137at7147,X
22226at7147,X
22228at7147,2R
22280at7147,2L
22307at7147,3L
22318at7147,3R
22326at7147,2R
22337at7147,2L
22343at7147,X
22365at7147,2R
22386at7147,3R
22404at7147,3R
22412at7147,2L
22422at7147,3R
22440at7147,X
22463at7147,3R
22531at7147,3L
22551at7147,X
22554at7147,X
22566at7147,3L
22575at7147,2L
22577at7147,2R
22578at7147,2R
22609at7147,2L
22620at7147,3R
22656at7147,X
22659at7147,X
22678at7147,3L
22680at7147,3R
22699at7147,X
22765at7147,3L
22781at7147,2R
22792at7147,2L
22804at7147,3L
22821at7147,3L
22867at7147,X
22903at7147,X
22915at7147,2R
22925at7147,3L
22944at7147,3R
22962at7147,3R
22971at7147,2L
22978at7147,3L
22994at7147,3R
22997at7147,3R
23039at7147,3L
23062at7147,2R
23079at7147,X
23111at7147,3R
23133at7147,X
23144at7147,X
23164at7147,3R
23165at7147,3R
23195at7147,X
23222at7147,3R
23230at7147,3L
23271at7147,2R
23288at7147,2L
23326at7147,2L
23343at7147,3L
23349at7147,X
23356at7147,X
23416at7147,3L
23440at7147,2R
23455at7147,2R
23463at7147,3R
23502at7147,X
23508at7147,2R
23525at7147,2L
23557at7147,X
23564at7147,X
23580at7147,3R
23614at7147,2L
23618at7147,3R
23623at7147,2L
23744at7147,2L
23771at7147,3R
23803at7147,2L
23804at7147,3R
23816at7147,2R
23821at7147,2L
23840at7147,3L
23853at7147,2R
23858at7147,2R
23859at7147,2R
23871at7147,X
23902at7147,2R
23956at7147,2L
23968at7147,X
23970at7147,3R
23975at7147,2R
23983at7147,2L
23988at7147,3L
24060at7147,3R
24065at7147,3R
24076at7147,2R
24094at7147,X
24103at7147,3R
24119at7147,3R
24137at7147,3R
24200at7147,3L
24204at7147,3R
24241at7147,3L
24250at7147,2L
24253at7147,X
24263at7147,2L
24267at7147,3R
24270at7147,2R
24292at7147,X
24325at7147,3L
24329at7147,2R
24337at7147,2L
24373at7147,3R
24450at7147,2L
24459at7147,X
24462at7147,X
24491at7147,3R
24499at7147,2L
24524at7147,3L
24544at7147,3L
24552at7147,2L
24567at7147,3L
24583at7147,3L
24586at7147,3L
24608at7147,3L
24614at7147,X
24638at7147,2R
24648at7147,X
24713at7147,3L
24743at7147,2R
24746at7147,3R
24754at7147,3R
24775at7147,3L
24802at7147,2R
24824at7147,3L
24849at7147,2L
24875at7147,3L
24895at7147,2R
24903at7147,3R
24934at7147,2R
24937at7147,3L
24943at7147,3R
24954at7147,X
24955at7147,X
24988at7147,X
25000at7147,X
25016at7147,3R
25058at7147,2R
25061at7147,3L
25085at7147,2R
25096at7147,2L
25153at7147,3R
25168at7147,X
25194at7147,3R
25199at7147,3L
25215at7147,X
25234at7147,2R
25266at7147,3R
25277at7147,X
25282at7147,2R
25290at7147,3R
25351at7147,2R
25357at7147,3L
25366at7147,3R
25369at7147,2R
25385at7147,2R
25406at7147,3L
25438at7147,3L
25449at7147,2R
25505at7147,3R
25519at7147,2R
25544at7147,2R
25549at7147,2L
25591at7147,3R
25596at7147,3R
25602at7147,2R
25640at7147,3R
25649at7147,X
25671at7147,2R
25693at7147,3R
25717at7147,2R
25792at7147,2L
25842at7147,3R
25933at7147,2L
25939at7147,3L
25941at7147,2R
25949at7147,2L
25955at7147,2L
25963at7147,3R
25975at7147,3L
25988at7147,3R
25991at7147,3R
26000at7147,3R
26072at7147,3L
26110at7147,2R
26125at7147,3L
26132at7147,2L
26146at7147,2L
26149at7147,2L
26150at7147,3R
26180at7147,2R
26204at7147,3L
26214at7147,X
26228at7147,X
26274at7147,2L
26322at7147,3R
26337at7147,2L
26367at7147,2L
26370at7147,3L
26380at7147,3R
26387at7147,X
26389at7147,3R
26398at7147,X
26419at7147,3L
26459at7147,2L
26468at7147,2R
26504at7147,3R
26521at7147,3R
26582at7147,3R
26600at7147,2L
26605at7147,3R
26671at7147,2L
26748at7147,2R
26753at7147,3R
26762at7147,X
26777at7147,X
26789at7147,3R
26791at7147,2L
26792at7147,2L
26799at7147,3L
26801at7147,2L
26835at7147,2L
26874at7147,X
26876at7147,2L
26909at7147,3L
26918at7147,3R
26922at7147,2L
26948at7147,X
26954at7147,X
26963at7147,2R
26986at7147,2L
27002at7147,2R
27014at7147,2R
27055at7147,3L
27070at7147,2L
27134at7147,2L
27160at7147,2L
27220at7147,2R
27236at7147,3L
27237at7147,3L
27244at7147,2L
27246at7147,2R
27263at7147,2R
27281at7147,X
27288at7147,X
27370at7147,3R
27373at7147,2R
27388at7147,2L
27420at7147,3R
27427at7147,3L
27431at7147,3L
27504at7147,X
27526at7147,2R
27548at7147,2L
27575at7147,3R
27616at7147,3L
27631at7147,3L
27633at7147,3R
27655at7147,3L
27672at7147,2L
27701at7147,3L
27714at7147,3L
27730at7147,2R
27761at7147,X
27770at7147,3L
27815at7147,3L
27820at7147,X
27841at7147,3R
27849at7147,2R
27907at7147,2L
27930at7147,3R
27931at7147,3R
27936at7147,3R
27952at7147,3L
27975at7147,2R
28005at7147,3L
28015at7147,2L
28056at7147,2R
28073at7147,X
28128at7147,2R
28130at7147,2L
28148at7147,3R
28191at7147,3L
28192at7147,2L
28208at7147,3R
28210at7147,X
28226at7147,2L
28253at7147,3R
28287at7147,3R
28318at7147,2L
28348at7147,2L
28356at7147,3R
28361at7147,X
28368at7147,X
28377at7147,2R
28402at7147,2L
28428at7147,2R
28459at7147,3R
28469at7147,3R
28492at7147,3L
28538at7147,3R
28549at7147,X
28551at7147,X
28559at7147,2R
28571at7147,3R
28603at7147,2L
28604at7147,2L
28637at7147,3L
28651at7147,3L
28673at7147,2R
28676at7147,3R
28685at7147,2L
28693at7147,X
28713at7147,2L
28735at7147,3R
28749at7147,2L
28791at7147,2R
28798at7147,3L
28835at7147,2R
28837at7147,2R
28855at7147,2R
28861at7147,3R
28889at7147,2L
28906at7147,2L
28926at7147,2R
28979at7147,3R
29006at7147,3R
29046at7147,3R
29052at7147,2L
29073at7147,2R
29083at7147,2L
29095at7147,2L
29100at7147,3R
29111at7147,2R
29141at7147,3L
29154at7147,X
29162at7147,2L
29168at7147,3R
29186at7147,2R
29198at7147,2L
29212at7147,2L
29233at7147,3R
29239at7147,2R
29268at7147,3R
29277at7147,2L
29281at7147,2L
29288at7147,3R
29311at7147,X
29328at7147,3L
29339at7147,2L
29352at7147,3L
29364at7147,2R
29366at7147,3R
29417at7147,3R
29425at7147,3R
29429at7147,3R
29440at7147,2L
29484at7147,2R
29507at7147,2R
29529at7147,3R
29552at7147,2R
29581at7147,2R
29582at7147,2L
29644at7147,2R
29711at7147,3R
29714at7147,3L
29717at7147,3R
29744at7147,2L
29754at7147,3R
29766at7147,3R
29789at7147,3L
29795at7147,3R
29860at7147,2L
29889at7147,X
29906at7147,X
29908at7147,3L
29931at7147,2R
29994at7147,3L
30000at7147,X
30068at7147,2L
30097at7147,3R
30128at7147,2L
30134at7147,3L
30165at7147,3R
30184at7147,3L
30248at7147,2R
30250at7147,2L
30260at7147,2L
30269at7147,2L
30313at7147,3L
30324at7147,X
30343at7147,2R
30359at7147,3R
30365at7147,3R
30391at7147,3L
30434at7147,X
30439at7147,2L
30441at7147,2R
30447at7147,3L
30475at7147,X
30497at7147,2R
30510at7147,3L
30551at7147,2L
30627at7147,2R
30641at7147,3L
30655at7147,3R
30657at7147,X
30675at7147,X
30695at7147,3R
30711at7147,2L
30720at7147,2L
30730at7147,3R
30760at7147,3L
30773at7147,3L
30786at7147,2L
30809at7147,2L
30816at7147,3L
30832at7147,2R
30895at7147,3R
30903at7147,X
30913at7147,2R
30930at7147,2L
30931at7147,X
30962at7147,X
30988at7147,2R
31013at7147,2R
31040at7147,X
31043at7147,2L
31061at7147,2R
31071at7147,2L
31118at7147,2L
31137at7147,3L
31170at7147,3R
31237at7147,3R
31241at7147,2L
31285at7147,X
31289at7147,2L
31302at7147,2R
31360at7147,3R
31375at7147,3L
31388at7147,3L
31414at7147,2L
31417at7147,3L
31423at7147,2R
31424at7147,3R
31425at7147,3L
31466at7147,X
31470at7147,2R
31484at7147,2R
31515at7147,3R
31537at7147,2R
31625at7147,2R
31693at7147,2R
31703at7147,2L
31731at7147,2L
31739at7147,X
31776at7147,3L
31778at7147,2R
31785at7147,2R
31817at7147,3L
31832at7147,2R
31907at7147,3R
31940at7147,2R
31948at7147,3R
31961at7147,2L
31963at7147,2R
31967at7147,3L
31984at7147,3R
32037at7147,3R
32079at7147,X
32082at7147,2R
32098at7147,2L
32129at7147,3L
32140at7147,3L
32144at7147,X
32200at7147,3R
32239at7147,2L
32249at7147,X
32288at7147,X
32289at7147,2R
32292at7147,3R
32314at7147,3R
32346at7147,3L
32359at7147,3L
32378at7147,3L
32465at7147,3L
32478at7147,3L
32485at7147,2R
32494at7147,2R
32511at7147,3L
32539at7147,3L
32573at7147,2L
32612at7147,X
32618at7147,X
32632at7147,2R
32636at7147,X
32656at7147,2R
32682at7147,3R
32700at7147,2R
32701at7147,3L
32719at7147,3L
32741at7147,3R
32748at7147,3L
32751at7147,3R
32752at7147,X
32844at7147,3L
32864at7147,2R
32865at7147,2L
32907at7147,2L
32912at7147,3L
32946at7147,3L
32983at7147,2L
32996at7147,X
33001at7147,2R
33096at7147,3R
33110at7147,X
33162at7147,3L
33167at7147,2L
33183at7147,2L
33223at7147,2L
33236at7147,3R
33250at7147,X
33254at7147,3L
33288at7147,2R
33325at7147,3R
33362at7147,2L
33367at7147,3R
33382at7147,3L
33424at7147,3L
33430at7147,2L
33436at7147,3L
33443at7147,X
33446at7147,2R
33458at7147,2R
33478at7147,3R
33513at7147,3L
33530at7147,3L
33537at7147,X
33597at7147,3R
33604at7147,2L
33614at7147,3L
33629at7147,3R
33638at7147,3L
33641at7147,3R
33666at7147,3R
33689at7147,X
33706at7147,2R
33709at7147,3R
33755at7147,X
33776at7147,X
33811at7147,X
33889at7147,3R
33897at7147,3R
33935at7147,3R
33983at7147,2R
33993at7147,2R
34044at7147,3R
34096at7147,2R
34129at7147,2R
34132at7147,2R
34220at7147,3R
34236at7147,X
34293at7147,X
34323at7147,X
34330at7147,3R
34342at7147,3L
34356at7147,2L
34388at7147,2L
34460at7147,3L
34492at7147,3L
34516at7147,3R
34551at7147,2R
34553at7147,3L
34561at7147,3L
34577at7147,3L
34658at7147,3R
34667at7147,2L
34692at7147,3L
34699at7147,3L
34725at7147,2R
34732at7147,X
34735at7147,3R
34761at7147,X
34780at7147,2L
34800at7147,3L
34806at7147,3L
34808at7147,2L
34834at7147,2R
34843at7147,2R
34864at7147,2R
34897at7147,X
34919at7147,2L
34940at7147,3R
34952at7147,3R
34988at7147,2L
34997at7147,2L
35021at7147,2R
35031at7147,2R
35043at7147,3R
35051at7147,3R
35053at7147,3R
35099at7147,3L
35123at7147,3R
35147at7147,2R
35162at7147,3R
35208at7147,3R
35225at7147,3R
35253at7147,3R
35260at7147,3R
35266at7147,2L
35326at7147,3L
35396at7147,X
35419at7147,3R
35471at7147,X
35474at7147,2R
35523at7147,3L
35569at7147,3L
35580at7147,3L
35581at7147,3R
35619at7147,2R
35629at7147,2R
35694at7147,2L
35696at7147,3R
35734at7147,2L
35757at7147,2L
35803at7147,X
35807at7147,X
35835at7147,3R
35836at7147,2R
35872at7147,2R
35877at7147,3L
35903at7147,2R
35908at7147,3L
35954at7147,3R
35978at7147,2R
36084at7147,X
36088at7147,2L
36112at7147,2L
36129at7147,3R
36142at7147,3R
36153at7147,X
36171at7147,3L
36194at7147,2R
36257at7147,3L
36309at7147,2L
36356at7147,2R
36428at7147,X
36434at7147,2L
36447at7147,2R
36467at7147,3R
36502at7147,3L
36511at7147,X
36550at7147,2L
36558at7147,3L
36621at7147,2L
36630at7147,3L
36647at7147,2R
36652at7147,3R
36676at7147,2L
36681at7147,2R
36702at7147,2R
36707at7147,X
36721at7147,3R
36741at7147,3L
36745at7147,3R
36765at7147,3L
36767at7147,2L
36810at7147,X
36814at7147,X
36818at7147,2L
36820at7147,3R
36823at7147,2R
36877at7147,2R
36896at7147,3R
36943at7147,X
36951at7147,2R
36970at7147,X
36989at7147,3R
37008at7147,X
37011at7147,2R
37021at7147,3L
37033at7147,3R
37074at7147,3R
37078at7147,3R
37090at7147,2R
37092at7147,2L
37097at7147,X
37112at7147,3L
37114at7147,2R
37118at7147,X
37128at7147,X
37195at7147,3R
37197at7147,3R
37209at7147,3L
37248at7147,3L
37340at7147,3R
37414at7147,3L
37432at7147,3L
37488at7147,X
37504at7147,3R
37523at7147,2R
37548at7147,X
37557at7147,2L
37592at7147,3L
37626at7147,3L
37646at7147,3R
37678at7147,X
37703at7147,2L
37754at7147,3L
37759at7147,2L
37798at7147,3R
37837at7147,2L
37841at7147,X
37851at7147,2L
37894at7147,3R
37960at7147,3R
37963at7147,2R
38000at7147,2R
38001at7147,3R
38004at7147,2R
38010at7147,X
38024at7147,2L
38040at7147,X
38112at7147,3L
38158at7147,2L
38188at7147,3L
38191at7147,3R
38196at7147,X
38242at7147,2R
38256at7147,2L
38276at7147,3L
38298at7147,2L
38311at7147,3R
38358at7147,3L
38422at7147,2R
38430at7147,3R
38433at7147,2R
38466at7147,2L
38480at7147,3R
38488at7147,2R
38522at7147,3R
38548at7147,2R
38580at7147,X
38589at7147,X
38619at7147,3L
38642at7147,X
38651at7147,2R
38667at7147,3R
38687at7147,3L
38703at7147,2L
38782at7147,2R
38799at7147,2R
38816at7147,2R
38817at7147,2R
38855at7147,3L
38856at7147,3L
38865at7147,2R
38879at7147,3L
38896at7147,2R
38916at7147,2R
38937at7147,2L
38944at7147,2L
38950at7147,2R
38956at7147,X
38982at7147,3L
39057at7147,3L
39073at7147,X
39086at7147,2R
39090at7147,3R
39100at7147,X
39111at7147,2R
39118at7147,3R
39139at7147,3R
39154at7147,2R
39155at7147,2R
39206at7147,3L
39239at7147,3L
39249at7147,2R
39282at7147,3R
39313at7147,X
39318at7147,X
39344at7147,3R
39367at7147,X
39384at7147,2R
39435at7147,3L
39439at7147,3R
39468at7147,3R
39475at7147,2R
39485at7147,2R
39504at7147,3R
39519at7147,3L
39529at7147,2R
39543at7147,X
39577at7147,3L
39596at7147,2L
39601at7147,3R
39607at7147,3L
39616at7147,2R
39646at7147,X
39659at7147,3L
39671at7147,3R
39673at7147,3L
39687at7147,2L
39708at7147,3R
39754at7147,3R
39777at7147,2L
39790at7147,3R
39795at7147,2L
39801at7147,2R
39895at7147,3L
39903at7147,2L
39907at7147,2R
39959at7147,3R
39987at7147,X
40008at7147,2R
40052at7147,3R
40078at7147,2L
40089at7147,2L
40100at7147,X
40114at7147,2L
40116at7147,2R
40121at7147,4
40254at7147,2R
40259at7147,X
40273at7147,2L
40274at7147,X
40279at7147,2L
40310at7147,3R
40328at7147,2R
40359at7147,3R
40372at7147,2R
40401at7147,3L
40428at7147,3L
40441at7147,2L
40483at7147,X
40519at7147,2R
40525at7147,2R
40537at7147,2R
40629at7147,3R
40653at7147,3L
40701at7147,X
40707at7147,3R
40733at7147,2R
40735at7147,3L
40749at7147,3L
40755at7147,3R
40793at7147,2L
40817at7147,2R
40820at7147,X
40867at7147,2R
40874at7147,3R
40875at7147,3R
40880at7147,3R
40947at7147,2R
40948at7147,2R
40949at7147,3L
40951at7147,2L
41010at7147,2L
41039at7147,2L
41062at7147,X
41101at7147,3R
41106at7147,2L
41123at7147,3R
41126at7147,3L
41129at7147,3R
41136at7147,3L
41177at7147,3L
41192at7147,3R
41200at7147,2L
41233at7147,2R
41248at7147,2R
41252at7147,2L
41274at7147,3R
41286at7147,2R
41304at7147,3R
41330at7147,3R
41342at7147,3L
41363at7147,2L
41380at7147,2L
41382at7147,3L
41419at7147,2L
41421at7147,3R
41481at7147,3L
41508at7147,2R
41591at7147,3L
41593at7147,2R
41648at7147,3R
41654at7147,2L
41693at7147,3R
41724at7147,3R
41731at7147,2R
41740at7147,2L
41742at7147,3L
41769at7147,3R
41775at7147,3R
41837at7147,X
41851at7147,2R
41891at7147,3L
41927at7147,2L
41978at7147,2R
42033at7147,2R
42037at7147,3L
42039at7147,2L
42090at7147,2L
42154at7147,3R
42176at7147,2L
42223at7147,3L
42226at7147,2R
42227at7147,3L
42257at7147,3R
42259at7147,2L
42281at7147,2R
42323at7147,3R
42337at7147,2L
42351at7147,3L
42354at7147,3R
42359at7147,2R
42370at7147,2L
42387at7147,2R
42406at7147,2R
42415at7147,3R
42417at7147,3R
42448at7147,3R
42466at7147,3L
42469at7147,3R
42486at7147,3R
42501at7147,3R
42517at7147,3L
42518at7147,3R
42524at7147,3L
42536at7147,X
42569at7147,2L
42599at7147,X
42702at7147,3R
42709at7147,3R
42766at7147,3L
42767at7147,3L
42799at7147,2R
42811at7147,3R
42845at7147,3L
42857at7147,2L
42884at7147,3L
42904at7147,3L
42925at7147,2R
42944at7147,2L
42950at7147,3L
42992at7147,X
43003at7147,3R
43017at7147,2L
43053at7147,3R
43106at7147,X
43115at7147,X
43141at7147,X
43149at7147,3L
43175at7147,2L
43242at7147,X
43315at7147,3R
43325at7147,3R
43332at7147,3R
43417at7147,3L
43432at7147,3R
43455at7147,3R
43477at7147,3R
43549at7147,3R
43558at7147,X
43616at7147,3L
43623at7147,3R
43648at7147,3L
43663at7147,2R
43690at7147,2L
43696at7147,X
43699at7147,3R
43750at7147,2R
43757at7147,X
43770at7147,3R
43784at7147,3L
43841at7147,X
43847at7147,3L
43857at7147,3L
43860at7147,3L
43898at7147,2L
43952at7147,3L
43962at7147,2L
43990at7147,2R
43998at7147,2L
44003at7147,2R
44009at7147,3R
44043at7147,X
44085at7147,X
44103at7147,X
44125at7147,3L
44177at7147,3R
44182at7147,3R
44216at7147,2L
44239at7147,X
44246at7147,3R
44253at7147,2L
44284at7147,3R
44288at7147,3R
44328at7147,2L
44335at7147,3R
44340at7147,3L
44342at7147,3L
44372at7147,3R
44411at7147,X
44433at7147,X
44475at7147,2L
44515at7147,2R
44529at7147,2L
44530at7147,X
44599at7147,3L
44668at7147,3L
44737at7147,3L
44741at7147,3L
44758at7147,3R
44812at7147,2L
44823at7147,X
44827at7147,3R
44830at7147,2R
44887at7147,3L
44933at7147,3R
44941at7147,2L
44989at7147,X
45012at7147,2L
45036at7147,X
45052at7147,2L
45092at7147,2L
45179at7147,2L
45223at7147,2L
45230at7147,X
45268at7147,3L
45273at7147,3R
45320at7147,3L
45322at7147,3L
45343at7147,2R
45344at7147,2L
45349at7147,3R
45354at7147,2R
45356at7147,3R
45416at7147,3R
45459at7147,2L
45475at7147,3L
45517at7147,X
45519at7147,3R
45528at7147,2L
45541at7147,X
45554at7147,3L
45582at7147,3R
45641at7147,3R
45669at7147,3L
45724at7147,X
45748at7147,3R
45755at7147,2R
45771at7147,2R
45773at7147,3L
45811at7147,3R
45813at7147,2R
45850at7147,3L
45851at7147,2R
45870at7147,3L
45874at7147,3L
45916at7147,2R
45978at7147,X
45984at7147,3L
46001at7147,2R
46018at7147,3R
46041at7147,X
46086at7147,2R
46181at7147,2L
46219at7147,2L
46254at7147,2R
46268at7147,2R
46292at7147,3L
46325at7147,2L
46327at7147,2R
46331at7147,3L
46346at7147,3L
46386at7147,2L
46418at7147,X
46428at7147,3L
46433at7147,3R
46457at7147,2R
46488at7147,2R
46489at7147,3R
46495at7147,3R
46531at7147,3R
46546at7147,2R
46580at7147,3L
46602at7147,2R
46647at7147,3R
46666at7147,3R
46752at7147,2R
46758at7147,X
46778at7147,2R
46793at7147,3R
46798at7147,3L
46814at7147,3L
46902at7147,2L
46949at7147,X
46967at7147,3L
46985at7147,3R
47007at7147,3R
47053at7147,3R
47079at7147,3L
47106at7147,2L
47111at7147,3L
47126at7147,2L
47156at7147,2R
47202at7147,3R
47216at7147,3R
47228at7147,3R
47233at7147,3L
47274at7147,3R
47297at7147,3L
47334at7147,2R
47363at7147,3R
47396at7147,2R
47411at7147,2L
47430at7147,3R
47457at7147,3R
47465at7147,2L
47477at7147,X
47497at7147,X
47539at7147,2L
47578at7147,X
47597at7147,3R
47607at7147,3R
47642at7147,3R
47683at7147,3L
47762at7147,2L
47770at7147,2R
47775at7147,3R
47801at7147,2R
47822at7147,3R
47829at7147,X
47835at7147,2R
47853at7147,X
47874at7147,3R
47927at7147,3R
47948at7147,3L
47953at7147,3R
47966at7147,3L
47977at7147,2L
47979at7147,2L
48005at7147,2L
48067at7147,2R
48155at7147,3L
48176at7147,2R
48178at7147,3L
48182at7147,3R
48184at7147,X
48208at7147,2L
48274at7147,2L
48280at7147,2R
48299at7147,2R
48305at7147,2R
48316at7147,2L
48385at7147,3R
48479at7147,2L
48490at7147,X
48501at7147,2R
48521at7147,3L
48529at7147,2R
48534at7147,2R
48535at7147,X
48558at7147,4
48567at7147,3R
48575at7147,2L
48609at7147,3R
48664at7147,2R
48691at7147,X
48743at7147,3L
48745at7147,3R
48748at7147,2R
48749at7147,3L
48810at7147,X
48840at7147,2R
48878at7147,3R
48887at7147,3L
48904at7147,2L
48966at7147,3R
48995at7147,3R
49015at7147,3L
49040at7147,3R
49063at7147,3L
49075at7147,3R
49088at7147,3L
49109at7147,2R
49141at7147,2L
49153at7147,X
49176at7147,3L
49188at7147,3R
49201at7147,3R
49208at7147,3R
49220at7147,3R
49223at7147,2L
49230at7147,X
49274at7147,4
49275at7147,3L
49323at7147,X
49327at7147,3R
49375at7147,X
49377at7147,3R
49401at7147,3R
49525at7147,3L
49533at7147,3R
49558at7147,X
49563at7147,3L
49573at7147,3L
49637at7147,3R
49651at7147,3R
49674at7147,X
49727at7147,2L
49748at7147,2R
49777at7147,3R
49784at7147,2R
49790at7147,X
49818at7147,2L
49833at7147,2R
49836at7147,3R
49954at7147,X
49968at7147,3R
49981at7147,3L
49999at7147,2R
50053at7147,3R
50127at7147,2L
50147at7147,3R
50189at7147,2R
50222at7147,3L
50271at7147,3L
50276at7147,3R
50307at7147,3R
50309at7147,3L
50327at7147,2R
50356at7147,3R
50361at7147,2L
50370at7147,3R
50546at7147,2L
50591at7147,3R
50614at7147,3R
50634at7147,2R
50643at7147,3R
50649at7147,2L
50665at7147,3L
50666at7147,2L
50720at7147,3R
50723at7147,3L
50746at7147,2L
50753at7147,3L
50761at7147,2R
50789at7147,3R
50821at7147,3L
50872at7147,3L
50898at7147,2L
50918at7147,3R
50923at7147,3R
50978at7147,2L
51002at7147,2L
51005at7147,3R
51018at7147,2R
51090at7147,X
51139at7147,X
51190at7147,3L
51197at7147,2L
51210at7147,3L
51237at7147,X
51247at7147,2L
51259at7147,3R
51262at7147,2R
51281at7147,3L
51294at7147,2L
51312at7147,2R
51315at7147,2R
51328at7147,2L
51332at7147,3R
51335at7147,X
51339at7147,X
51359at7147,3R
51383at7147,3R
51405at7147,2L
51410at7147,2R
51420at7147,3L
51433at7147,2L
51441at7147,X
51456at7147,X
51469at7147,2R
51512at7147,2L
51516at7147,X
51524at7147,X
51530at7147,X
51566at7147,X
51594at7147,3L
51608at7147,3R
51624at7147,2L
51631at7147,2R
51633at7147,2L
51643at7147,X
51667at7147,X
51733at7147,3R
51767at7147,2R
51776at7147,3L
51812at7147,2L
51823at7147,3R
51847at7147,X
51851at7147,2L
51873at7147,2L
51879at7147,3R
51965at7147,3L
51975at7147,3L
52009at7147,3R
52012at7147,3R
52036at7147,2L
52038at7147,2R
52039at7147,2R
52088at7147,3R
52215at7147,3L
52235at7147,2L
52267at7147,2R
52283at7147,3L
52298at7147,3L
52349at7147,3R
52357at7147,3R
52377at7147,2R
52389at7147,3R
52429at7147,3L
52431at7147,3R
52442at7147,X
52461at7147,2R
52479at7147,3R
52488at7147,3R
52490at7147,3R
52508at7147,3R
52543at7147,2R
52547at7147,3L
52551at7147,X
52586at7147,3R
52705at7147,3L
52721at7147,3L
52725at7147,2R
52727at7147,2R
52768at7147,2L
52836at7147,3L
52861at7147,X
52885at7147,2R
52902at7147,X
52940at7147,3L
52991at7147,3R
53126at7147,3R
53166at7147,3L
53180at7147,3L
53200at7147,X
53211at7147,2R
53272at7147,3R
53313at7147,2R
53336at7147,2R
53346at7147,3L
53356at7147,2R
53397at7147,2R
53427at7147,3R
53475at7147,2R
53484at7147,3L
53492at7147,2L
53499at7147,2R
53582at7147,3R
53583at7147,3L
53602at7147,2L
53617at7147,3R
53716at7147,3R
53747at7147,3R
53753at7147,3L
53915at7147,3L
53935at7147,3R
53947at7147,2R
54050at7147,2R
54063at7147,2R
54134at7147,3R
54155at7147,3R
54158at7147,2R
54167at7147,2R
54180at7147,2R
54244at7147,2L
54268at7147,3R
54302at7147,3L
54335at7147,2L
54362at7147,2R
54424at7147,3R
54442at7147,3R
54471at7147,2R
54498at7147,2R
54512at7147,X
54524at7147,3L
54527at7147,3L
54625at7147,3R
54648at7147,2R
54673at7147,3L
54707at7147,3R
54719at7147,3L
54756at7147,2R
54811at7147,2R
54848at7147,X
54851at7147,3L
54914at7147,2L
54921at7147,2L
55048at7147,X
55057at7147,X
55154at7147,2R
55164at7147,2R
55175at7147,3R
55187at7147,2L
55235at7147,3L
55248at7147,3R
55254at7147,2R
55262at7147,3L
55264at7147,2R
55278at7147,2R
55297at7147,X
55301at7147,X
55317at7147,3R
55331at7147,3R
55358at7147,3R
55361at7147,2R
55362at7147,X
55382at7147,2R
55389at7147,3L
55409at7147,X
55435at7147,X
55444at7147,3R
55464at7147,2R
55487at7147,X
55489at7147,2R
55500at7147,3L
55570at7147,X
55610at7147,3R
55637at7147,X
55691at7147,3L
55696at7147,3R
55709at7147,3L
55717at7147,3R
55811at7147,2L
55836at7147,3L
55858at7147,2L
55874at7147,3R
55888at7147,3R
55893at7147,2L
55972at7147,3L
56014at7147,X
56034at7147,3R
56054at7147,3L
56055at7147,3L
56061at7147,2R
56071at7147,3R
56082at7147,2L
56091at7147,X
56151at7147,3R
56168at7147,2R
56174at7147,3R
56188at7147,X
56194at7147,2L
56228at7147,3L
56287at7147,X
56304at7147,2L
56387at7147,3R
56422at7147,3L
56442at7147,2L
56466at7147,4
56468at7147,2L
56472at7147,2L
56475at7147,2L
56505at7147,2R
56534at7147,3L
56571at7147,X
56578at7147,3R
56624at7147,2L
56659at7147,2R
56661at7147,3R
56695at7147,2R
56714at7147,3R
56762at7147,3R
56808at7147,3L
56815at7147,X
56816at7147,2R
56844at7147,X
56852at7147,3R
56866at7147,X
56890at7147,2L
56893at7147,X
56896at7147,3R
56900at7147,X
56902at7147,3R
56931at7147,2R
56951at7147,2R
56952at7147,3R
56981at7147,3R
57006at7147,3L
57063at7147,2R
57117at7147,3L
57140at7147,2R
57159at7147,2L
57168at7147,2R
57194at7147,X
57299at7147,2L
57319at7147,3L
57326at7147,3R
57376at7147,3L
57380at7147,3L
57388at7147,2R
57419at7147,3L
57448at7147,3L
57495at7147,3L
57525at7147,3R
57553at7147,2L
57630at7147,3R
57660at7147,2L
57691at7147,2R
57702at7147,3R
57729at7147,3R
57736at7147,3R
57746at7147,2R
57770at7147,2R
57771at7147,X
57778at7147,3R
57817at7147,2L
57821at7147,3R
57860at7147,X
57893at7147,X
57915at7147,2L
57922at7147,2L
57938at7147,3R
57943at7147,2R
57980at7147,X
58016at7147,2L
58047at7147,3R
58053at7147,3R
58055at7147,2L
58072at7147,3L
58117at7147,2L
58160at7147,3R
58204at7147,3L
58205at7147,2R
58228at7147,3R
58250at7147,3R
58254at7147,3L
58312at7147,3R
58314at7147,3L
58358at7147,3R
58360at7147,3R
58370at7147,3R
58466at7147,3R
58470at7147,3R
58503at7147,2L
58544at7147,2L
58551at7147,X
58555at7147,3L
58605at7147,3R
58630at7147,3L
58635at7147,3R
58639at7147,3R
58705at7147,2L
58749at7147,3L
58775at7147,2R
58805at7147,2R
58819at7147,3R
58911at7147,2L
58926at7147,2L
58965at7147,2L
59000at7147,2L
59033at7147,3R
59078at7147,3R
59085at7147,2L
59202at7147,3R
59203at7147,3R
59243at7147,2R
59276at7147,3R
59303at7147,3L
59338at7147,2R
59349at7147,2L
59352at7147,2R
59355at7147,2L
59380at7147,3L
59386at7147,3L
59387at7147,2L
59417at7147,2R
59419at7147,3L
59422at7147,2R
59431at7147,3R
59434at7147,X
59482at7147,2R
59531at7147,2L
59563at7147,3L
59619at7147,2R
59636at7147,2R
59648at7147,3R
59649at7147,3L
59650at7147,2L
59651at7147,2R
59678at7147,2R
59700at7147,3R
59703at7147,X
59733at7147,3R
59748at7147,3L
59757at7147,3R
59768at7147,3L
59777at7147,3R
59790at7147,X
59792at7147,3R
59822at7147,2L
59823at7147,3L
59843at7147,X
59846at7147,3R
59859at7147,X
59868at7147,3R
59872at7147,3R
59883at7147,3L
59918at7147,2R
59944at7147,X
60000at7147,X
60059at7147,3L
60061at7147,3L
60064at7147,3R
60077at7147,3L
60099at7147,X
60106at7147,X
60108at7147,2L
60136at7147,3L
60161at7147,2L
60173at7147,3R
60178at7147,2R
60191at7147,2R
60195at7147,3R
60225at7147,3L
60232at7147,3L
60267at7147,2R
60271at7147,2L
60370at7147,3R
60396at7147,2R
60405at7147,3R
60422at7147,3L
60436at7147,X
60441at7147,2R
60480at7147,3R
60511at7147,2L
60518at7147,2R
60572at7147,X
60606at7147,3L
60624at7147,3L
60696at7147,2L
60700at7147,X
60714at7147,3R
60733at7147,3R
60761at7147,2R
60835at7147,3R
60845at7147,3L
60879at7147,3R
60890at7147,X
60950at7147,3L
60953at7147,3R
60957at7147,3L
60975at7147,3R
60981at7147,3L
61002at7147,2R
61012at7147,3R
61027at7147,2R
61047at7147,2R
61145at7147,X
61154at7147,3R
61165at7147,X
61185at7147,3L
61280at7147,2L
61291at7147,2R
61306at7147,3R
61331at7147,3R
61334at7147,3L
61341at7147,3L
61379at7147,2L
61425at7147,3L
61516at7147,3R
61562at7147,X
61566at7147,2R
61573at7147,3R
61593at7147,2L
61606at7147,2L
61627at7147,3R
61651at7147,3L
61663at7147,3L
61689at7147,2L
61729at7147,2R
61733at7147,2L
61738at7147,2R
61798at7147,X
61812at7147,3R
61813at7147,3L
61929at7147,X
61944at7147,2R
61958at7147,3R
61970at7147,2L
61981at7147,3L
61996at7147,3L
61997at7147,3L
62037at7147,3L
62098at7147,3L
62135at7147,3L
62155at7147,2L
62165at7147,3R
62166at7147,X
62188at7147,2R
62190at7147,2R
62207at7147,3L
62219at7147,2L
62268at7147,2L
62276at7147,2L
62292at7147,X
62299at7147,2L
62308at7147,3R
62316at7147,3L
62360at7147,X
62374at7147,3L
62418at7147,3L
62437at7147,3R
62447at7147,3R
62475at7147,3R
62487at7147,3R
62494at7147,3R
62507at7147,2R
62527at7147,2L
62531at7147,3R
62544at7147,3R
62640at7147,3R
62645at7147,2R
62664at7147,3L
62670at7147,2R
62679at7147,3R
62707at7147,X
62712at7147,3L
62714at7147,2R
62739at7147,2R
62774at7147,3R
62825at7147,3R
62833at7147,3L
62890at7147,3L
62959at7147,3R
62998at7147,3R
63025at7147,3L
63078at7147,3R
63091at7147,X
63174at7147,3R
63194at7147,2R
63205at7147,3L
63304at7147,3R
63305at7147,3R
63380at7147,2R
63398at7147,2L
63412at7147,3L
63427at7147,X
63429at7147,3R
63435at7147,X
63439at7147,3R
63494at7147,3L
63495at7147,3R
63528at7147,X
63584at7147,2L
63623at7147,3R
63626at7147,2L
63631at7147,3R
63685at7147,3L
63687at7147,3R
63760at7147,3L
63807at7147,2R
63838at7147,3L
63868at7147,3R
63882at7147,2L
63901at7147,X
63928at7147,2L
63978at7147,2L
63988at7147,2R
63993at7147,3R
64034at7147,X
64047at7147,2R
64062at7147,2R
64099at7147,2L
64101at7147,3R
64113at7147,3L
64137at7147,X
64145at7147,2R
64151at7147,3L
64192at7147,2R
64239at7147,X
64273at7147,2L
64310at7147,2R
64344at7147,3R
64402at7147,3L
64430at7147,3R
64439at7147,2L
64495at7147,X
64515at7147,4
64516at7147,2R
64528at7147,2L
64568at7147,3L
64595at7147,2L
64601at7147,2R
64660at7147,3R
64681at7147,X
64694at7147,3L
64773at7147,3L
64796at7147,3R
64824at7147,X
64834at7147,3R
64910at7147,3R
64928at7147,X
64937at7147,3L
64960at7147,2L
64967at7147,3L
65010at7147,3L
65072at7147,X
65094at7147,3R
65148at7147,3R
65155at7147,2R
65163at7147,2R
65176at7147,3L
65211at7147,3L
65216at7147,3R
65219at7147,X
65247at7147,X
65271at7147,3L
65272at7147,2R
65279at7147,2L
65284at7147,2L
65304at7147,X
65313at7147,3R
65345at7147,X
65355at7147,3L
65376at7147,3L
65379at7147,2L
65381at7147,2L
65409at7147,3R
65498at7147,X
65504at7147,2L
65531at7147,3R
65562at7147,2R
65579at7147,2L
65583at7147,X
65634at7147,X
65636at7147,3R
65644at7147,2R
65680at7147,3R
65709at7147,2R
65747at7147,3R
65772at7147,2R
65776at7147,3R
65784at7147,2L
65789at7147,X
65802at7147,2L
65812at7147,2L
65829at7147,2L
65841at7147,2L
65846at7147,3R
65900at7147,2R
65912at7147,3R
65916at7147,2L
65948at7147,X
65949at7147,3R
65971at7147,3L
65974at7147,X
66038at7147,3R
66044at7147,2L
66070at7147,3L
66084at7147,X
66091at7147,2L
66109at7147,2L
66133at7147,2R
66155at7147,3R
66297at7147,3R
66305at7147,2L
66344at7147,3R
66392at7147,3R
66428at7147,2L
66429at7147,2R
66432at7147,2R
66486at7147,3R
66519at7147,X
66532at7147,3R
66553at7147,3R
66653at7147,3L
66764at7147,3L
66766at7147,3L
66771at7147,3L
66809at7147,3L
66841at7147,3L
66874at7147,3L
66900at7147,2L
66947at7147,3L
66984at7147,3L
67095at7147,X
67102at7147,3L
67166at7147,2R
67217at7147,3R
67223at7147,2R
67285at7147,3R
67323at7147,3R
67346at7147,X
67371at7147,3L
67421at7147,3L
67439at7147,2R
67511at7147,2R
67611at7147,3R
67613at7147,2L
67720at7147,3L
67721at7147,3L
67729at7147,3L
67772at7147,3L
67792at7147,2R
67813at7147,2R
67815at7147,2R
67894at7147,X
67924at7147,3L
67985at7147,3R
68094at7147,2R
68124at7147,2R
68151at7147,3L
68160at7147,3L
68189at7147,3R
68269at7147,X
68312at7147,X
68367at7147,2R
68413at7147,2R
68418at7147,2R
68444at7147,3R
68467at7147,3R
68471at7147,3L
68516at7147,X
68601at7147,2L
68649at7147,2R
68750at7147,2L
68755at7147,2R
68763at7147,2L
68787at7147,3R
68918at7147,3R
68921at7147,X
68960at7147,3R
68985at7147,3R
68993at7147,2R
69019at7147,2R
69039at7147,3R
69129at7147,3R
69144at7147,3L
69152at7147,3R
69175at7147,2R
69243at7147,3L
69279at7147,3R
69282at7147,2R
69342at7147,3R
69363at7147,3L
69382at7147,3R
69399at7147,3L
69434at7147,2R
69460at7147,2R
69478at7147,2R
69488at7147,3R
69496at7147,3L
69514at7147,3R
69541at7147,2R
69589at7147,3L
69614at7147,2R
69619at7147,3R
69660at7147,3L
69738at7147,3R
69742at7147,3R
69797at7147,3R
69811at7147,3R
69847at7147,X
69947at7147,2L
69966at7147,2R
69968at7147,3R
70003at7147,3R
70047at7147,2R
70164at7147,3R
70210at7147,2L
70236at7147,3L
70243at7147,3R
70261at7147,3L
70268at7147,3L
70287at7147,3L
70302at7147,3L
70323at7147,2R
70365at7147,2R
70373at7147,3L
70408at7147,3L
70439at7147,2L
70448at7147,2L
70465at7147,2R
70491at7147,X
70493at7147,3R
70504at7147,2R
70512at7147,2L
70537at7147,X
70593at7147,2L
70683at7147,X
70753at7147,X
70775at7147,2R
70809at7147,2L
70842at7147,X
70904at7147,2R
70927at7147,3L
71034at7147,2R
71120at7147,X
71142at7147,3R
71155at7147,2R
71161at7147,2L
71201at7147,2L
71204at7147,3L
71287at7147,2L
71329at7147,2R
71342at7147,3R
71381at7147,2L
71453at7147,2L
71477at7147,2L
71479at7147,3R
71486at7147,3R
71518at7147,3L
71529at7147,3R
71549at7147,2L
71570at7147,3L
71677at7147,2R
71691at7147,2L
71723at7147,3R
71796at7147,3R
71842at7147,2L
71852at7147,X
71857at7147,2L
72009at7147,3L
72056at7147,2R
72060at7147,3L
72116at7147,3L
72128at7147,X
72149at7147,X
72174at7147,2L
72200at7147,3R
72228at7147,2R
72245at7147,3R
72251at7147,3L
72254at7147,X
72346at7147,3R
72354at7147,2R
72379at7147,3R
72383at7147,X
72435at7147,2R
72619at7147,X
72629at7147,3L
72689at7147,2R
72807at7147,X
72866at7147,2R
72890at7147,X
72973at7147,X
73041at7147,2R
73045at7147,3L
73065at7147,3R
73085at7147,3R
73112at7147,3R
73200at7147,3R
73306at7147,3R
73357at7147,3L
73420at7147,2R
73478at7147,3L
73585at7147,2L
73648at7147,3L
73718at7147,3R
73774at7147,3L
73978at7147,3R
74124at7147,X
74132at7147,3L
74162at7147,X
74360at7147,X
74414at7147,2R
74419at7147,X
74461at7147,3L
74524at7147,3L
74572at7147,2R
74801at7147,3L
74811at7147,X
74827at7147,2L
74851at7147,X
74859at7147,3R
74922at7147,2R
74939at7147,2L
75208at7147,3R
75294at7147,3L
75336at7147,2R
75444at7147,3L
75595at7147,2R
75600at7147,2R
75615at7147,2R
75710at7147,2L
75726at7147,3L
75854at7147,2R
75869at7147,X
75882at7147,X
75990at7147,X
76177at7147,3L
76216at7147,2L
76356at7147,3R
76375at7147,2L
76473at7147,2L
77013at7147,X
77016at7147,2R
77127at7147,3L
77574at7147,2R
77688at7147,2L
77810at7147,3L
78083at7147,2R
78504at7147,3L
78760at7147,3R
