Id,Label
69966at7147,69966at7147
56034at7147,56034at7147
73774at7147,73774at7147
13402at7147,13402at7147
59872at7147,59872at7147
53492at7147,53492at7147
47953at7147,47953at7147
62645at7147,62645at7147
18389at7147,18389at7147
13429at7147,13429at7147
34988at7147,34988at7147
34220at7147,34220at7147
56815at7147,56815at7147
34553at7147,34553at7147
61812at7147,61812at7147
36434at7147,36434at7147
11078at7147,11078at7147
67924at7147,67924at7147
35619at7147,35619at7147
32865at7147,32865at7147
22404at7147,22404at7147
13499at7147,13499at7147
3869at7147,3869at7147
36088at7147,36088at7147
22012at7147,22012at7147
22326at7147,22326at7147
42359at7147,42359at7147
44288at7147,44288at7147
27655at7147,27655at7147
40820at7147,40820at7147
3707at7147,3707at7147
28226at7147,28226at7147
30510at7147,30510at7147
29440at7147,29440at7147
57388at7147,57388at7147
1190at7147,1190at7147
11183at7147,11183at7147
13719at7147,13719at7147
62890at7147,62890at7147
5986at7147,5986at7147
49968at7147,49968at7147
56981at7147,56981at7147
40875at7147,40875at7147
27770at7147,27770at7147
39790at7147,39790at7147
13511at7147,13511at7147
26748at7147,26748at7147
57419at7147,57419at7147
58016at7147,58016at7147
35419at7147,35419at7147
48067at7147,48067at7147
39504at7147,39504at7147
30441at7147,30441at7147
52088at7147,52088at7147
2789at7147,2789at7147
13267at7147,13267at7147
19377at7147,19377at7147
30711at7147,30711at7147
17523at7147,17523at7147
5553at7147,5553at7147
6635at7147,6635at7147
23816at7147,23816at7147
34516at7147,34516at7147
24775at7147,24775at7147
56091at7147,56091at7147
27575at7147,27575at7147
63685at7147,63685at7147
38422at7147,38422at7147
59649at7147,59649at7147
17175at7147,17175at7147
13969at7147,13969at7147
28361at7147,28361at7147
17011at7147,17011at7147
16972at7147,16972at7147
38548at7147,38548at7147
70753at7147,70753at7147
24955at7147,24955at7147
36153at7147,36153at7147
8492at7147,8492at7147
27070at7147,27070at7147
13926at7147,13926at7147
44530at7147,44530at7147
16484at7147,16484at7147
1297at7147,1297at7147
22386at7147,22386at7147
328at7147,328at7147
42281at7147,42281at7147
17803at7147,17803at7147
11623at7147,11623at7147
11599at7147,11599at7147
1224at7147,1224at7147
16536at7147,16536at7147
32144at7147,32144at7147
36721at7147,36721at7147
23557at7147,23557at7147
47762at7147,47762at7147
44177at7147,44177at7147
49220at7147,49220at7147
27701at7147,27701at7147
17194at7147,17194at7147
3551at7147,3551at7147
48810at7147,48810at7147
34699at7147,34699at7147
20186at7147,20186at7147
72619at7147,72619at7147
50276at7147,50276at7147
20721at7147,20721at7147
31832at7147,31832at7147
22531at7147,22531at7147
73112at7147,73112at7147
26835at7147,26835at7147
27841at7147,27841at7147
40114at7147,40114at7147
4270at7147,4270at7147
2437at7147,2437at7147
25199at7147,25199at7147
15942at7147,15942at7147
75595at7147,75595at7147
35581at7147,35581at7147
57821at7147,57821at7147
16499at7147,16499at7147
64439at7147,64439at7147
46666at7147,46666at7147
56534at7147,56534at7147
33629at7147,33629at7147
62299at7147,62299at7147
55262at7147,55262at7147
30655at7147,30655at7147
39239at7147,39239at7147
46793at7147,46793at7147
9260at7147,9260at7147
53427at7147,53427at7147
12913at7147,12913at7147
60879at7147,60879at7147
18494at7147,18494at7147
56952at7147,56952at7147
39313at7147,39313at7147
17989at7147,17989at7147
43200at7147,43200at7147
13548at7147,13548at7147
16207at7147,16207at7147
72060at7147,72060at7147
1082at7147,1082at7147
45773at7147,45773at7147
58370at7147,58370at7147
60271at7147,60271at7147
13772at7147,13772at7147
58254at7147,58254at7147
25290at7147,25290at7147
44284at7147,44284at7147
37414at7147,37414at7147
36741at7147,36741at7147
37118at7147,37118at7147
9569at7147,9569at7147
9655at7147,9655at7147
51594at7147,51594at7147
55610at7147,55610at7147
22017at7147,22017at7147
41978at7147,41978at7147
22765at7147,22765at7147
1545at7147,1545at7147
43315at7147,43315at7147
43857at7147,43857at7147
21738at7147,21738at7147
40100at7147,40100at7147
46418at7147,46418at7147
7616at7147,7616at7147
10012at7147,10012at7147
24875at7147,24875at7147
32346at7147,32346at7147
53753at7147,53753at7147
4218at7147,4218at7147
59387at7147,59387at7147
30816at7147,30816at7147
21880at7147,21880at7147
27930at7147,27930at7147
69039at7147,69039at7147
55691at7147,55691at7147
32741at7147,32741at7147
30000at7147,30000at7147
54707at7147,54707at7147
22412at7147,22412at7147
68160at7147,68160at7147
7282at7147,7282at7147
41039at7147,41039at7147
43432at7147,43432at7147
34342at7147,34342at7147
16573at7147,16573at7147
70373at7147,70373at7147
3236at7147,3236at7147
58047at7147,58047at7147
23858at7147,23858at7147
25234at7147,25234at7147
36142at7147,36142at7147
42227at7147,42227at7147
58360at7147,58360at7147
19575at7147,19575at7147
24824at7147,24824at7147
67721at7147,67721at7147
26918at7147,26918at7147
7218at7147,7218at7147
10839at7147,10839at7147
20145at7147,20145at7147
37074at7147,37074at7147
36823at7147,36823at7147
30720at7147,30720at7147
38196at7147,38196at7147
24137at7147,24137at7147
60161at7147,60161at7147
22944at7147,22944at7147
34597at7147,34597at7147
52721at7147,52721at7147
39529at7147,39529at7147
27244at7147,27244at7147
12484at7147,12484at7147
13964at7147,13964at7147
10378at7147,10378at7147
53313at7147,53313at7147
6029at7147,6029at7147
50918at7147,50918at7147
9705at7147,9705at7147
32288at7147,32288at7147
37128at7147,37128at7147
60232at7147,60232at7147
43841at7147,43841at7147
65583at7147,65583at7147
29233at7147,29233at7147
49109at7147,49109at7147
1448at7147,1448at7147
8719at7147,8719at7147
5561at7147,5561at7147
1152at7147,1152at7147
12741at7147,12741at7147
63626at7147,63626at7147
55048at7147,55048at7147
50643at7147,50643at7147
56624at7147,56624at7147
59768at7147,59768at7147
1926at7147,1926at7147
59085at7147,59085at7147
45850at7147,45850at7147
47274at7147,47274at7147
10021at7147,10021at7147
22994at7147,22994at7147
61562at7147,61562at7147
158at7147,158at7147
5469at7147,5469at7147
68094at7147,68094at7147
2407at7147,2407at7147
38896at7147,38896at7147
8234at7147,8234at7147
13358at7147,13358at7147
3107at7147,3107at7147
41648at7147,41648at7147
49558at7147,49558at7147
44812at7147,44812at7147
68151at7147,68151at7147
51312at7147,51312at7147
4453at7147,4453at7147
50147at7147,50147at7147
14426at7147,14426at7147
15924at7147,15924at7147
4208at7147,4208at7147
26367at7147,26367at7147
51259at7147,51259at7147
33666at7147,33666at7147
20540at7147,20540at7147
50271at7147,50271at7147
62292at7147,62292at7147
56422at7147,56422at7147
21851at7147,21851at7147
1967at7147,1967at7147
37352at7147,37352at7147
42950at7147,42950at7147
6484at7147,6484at7147
28073at7147,28073at7147
35053at7147,35053at7147
30730at7147,30730at7147
17819at7147,17819at7147
69847at7147,69847at7147
36814at7147,36814at7147
39708at7147,39708at7147
29889at7147,29889at7147
51512at7147,51512at7147
25351at7147,25351at7147
33935at7147,33935at7147
8662at7147,8662at7147
59757at7147,59757at7147
43325at7147,43325at7147
9447at7147,9447at7147
73065at7147,73065at7147
66429at7147,66429at7147
52461at7147,52461at7147
54848at7147,54848at7147
28749at7147,28749at7147
73306at7147,73306at7147
72346at7147,72346at7147
12852at7147,12852at7147
24267at7147,24267at7147
64113at7147,64113at7147
9059at7147,9059at7147
13880at7147,13880at7147
24329at7147,24329at7147
65912at7147,65912at7147
12708at7147,12708at7147
38430at7147,38430at7147
15693at7147,15693at7147
12938at7147,12938at7147
39100at7147,39100at7147
3647at7147,3647at7147
29at7147,29at7147
11105at7147,11105at7147
13892at7147,13892at7147
46602at7147,46602at7147
48176at7147,48176at7147
61566at7147,61566at7147
75869at7147,75869at7147
39987at7147,39987at7147
58053at7147,58053at7147
8454at7147,8454at7147
814at7147,814at7147
7917at7147,7917at7147
32539at7147,32539at7147
65379at7147,65379at7147
47578at7147,47578at7147
29198at7147,29198at7147
3095at7147,3095at7147
38642at7147,38642at7147
43784at7147,43784at7147
44668at7147,44668at7147
17802at7147,17802at7147
52442at7147,52442at7147
65155at7147,65155at7147
49954at7147,49954at7147
38276at7147,38276at7147
41200at7147,41200at7147
40749at7147,40749at7147
57117at7147,57117at7147
8033at7147,8033at7147
32682at7147,32682at7147
52357at7147,52357at7147
12808at7147,12808at7147
18587at7147,18587at7147
67102at7147,67102at7147
2293at7147,2293at7147
35021at7147,35021at7147
53346at7147,53346at7147
43847at7147,43847at7147
56951at7147,56951at7147
4661at7147,4661at7147
57380at7147,57380at7147
6359at7147,6359at7147
24292at7147,24292at7147
68418at7147,68418at7147
8604at7147,8604at7147
13637at7147,13637at7147
58805at7147,58805at7147
62714at7147,62714at7147
32494at7147,32494at7147
61651at7147,61651at7147
11476at7147,11476at7147
71479at7147,71479at7147
4396at7147,4396at7147
50614at7147,50614at7147
432at7147,432at7147
38466at7147,38466at7147
17957at7147,17957at7147
36820at7147,36820at7147
35123at7147,35123at7147
60136at7147,60136at7147
37851at7147,37851at7147
53200at7147,53200at7147
48385at7147,48385at7147
64796at7147,64796at7147
6508at7147,6508at7147
59636at7147,59636at7147
45813at7147,45813at7147
15095at7147,15095at7147
3585at7147,3585at7147
31302at7147,31302at7147
57448at7147,57448at7147
20155at7147,20155at7147
6992at7147,6992at7147
2092at7147,2092at7147
2109at7147,2109at7147
70287at7147,70287at7147
24638at7147,24638at7147
29754at7147,29754at7147
40008at7147,40008at7147
61996at7147,61996at7147
52551at7147,52551at7147
1616at7147,1616at7147
35807at7147,35807at7147
63205at7147,63205at7147
63429at7147,63429at7147
13754at7147,13754at7147
16426at7147,16426at7147
24491at7147,24491at7147
61798at7147,61798at7147
15838at7147,15838at7147
41106at7147,41106at7147
48178at7147,48178at7147
65772at7147,65772at7147
33382at7147,33382at7147
1017at7147,1017at7147
15535at7147,15535at7147
10003at7147,10003at7147
20759at7147,20759at7147
16368at7147,16368at7147
1759at7147,1759at7147
59203at7147,59203at7147
44103at7147,44103at7147
13415at7147,13415at7147
45874at7147,45874at7147
22781at7147,22781at7147
4344at7147,4344at7147
46327at7147,46327at7147
4408at7147,4408at7147
35734at7147,35734at7147
31739at7147,31739at7147
21186at7147,21186at7147
39139at7147,39139at7147
37504at7147,37504at7147
52836at7147,52836at7147
14432at7147,14432at7147
20252at7147,20252at7147
49188at7147,49188at7147
45356at7147,45356at7147
63435at7147,63435at7147
18042at7147,18042at7147
45724at7147,45724at7147
32864at7147,32864at7147
72866at7147,72866at7147
35523at7147,35523at7147
35471at7147,35471at7147
24065at7147,24065at7147
40274at7147,40274at7147
26948at7147,26948at7147
3921at7147,3921at7147
10192at7147,10192at7147
52429at7147,52429at7147
48490at7147,48490at7147
70003at7147,70003at7147
44433at7147,44433at7147
52431at7147,52431at7147
65284at7147,65284at7147
31693at7147,31693at7147
32907at7147,32907at7147
61047at7147,61047at7147
59792at7147,59792at7147
13606at7147,13606at7147
612at7147,612at7147
7270at7147,7270at7147
53716at7147,53716at7147
34780at7147,34780at7147
57817at7147,57817at7147
17781at7147,17781at7147
22962at7147,22962at7147
7775at7147,7775at7147
45459at7147,45459at7147
7955at7147,7955at7147
59859at7147,59859at7147
37090at7147,37090at7147
55874at7147,55874at7147
37592at7147,37592at7147
51975at7147,51975at7147
59531at7147,59531at7147
25640at7147,25640at7147
14254at7147,14254at7147
62190at7147,62190at7147
55235at7147,55235at7147
9166at7147,9166at7147
28735at7147,28735at7147
61997at7147,61997at7147
44342at7147,44342at7147
41419at7147,41419at7147
69175at7147,69175at7147
70164at7147,70164at7147
59918at7147,59918at7147
28208at7147,28208at7147
48529at7147,48529at7147
27504at7147,27504at7147
27936at7147,27936at7147
30359at7147,30359at7147
45554at7147,45554at7147
52036at7147,52036at7147
19243at7147,19243at7147
40755at7147,40755at7147
28791at7147,28791at7147
15751at7147,15751at7147
19550at7147,19550at7147
9608at7147,9608at7147
25544at7147,25544at7147
37008at7147,37008at7147
63928at7147,63928at7147
32701at7147,32701at7147
36558at7147,36558at7147
5771at7147,5771at7147
47411at7147,47411at7147
8543at7147,8543at7147
31466at7147,31466at7147
49790at7147,49790at7147
57778at7147,57778at7147
23853at7147,23853at7147
55154at7147,55154at7147
74124at7147,74124at7147
19959at7147,19959at7147
9809at7147,9809at7147
52377at7147,52377at7147
60064at7147,60064at7147
23804at7147,23804at7147
52389at7147,52389at7147
4233at7147,4233at7147
13871at7147,13871at7147
26398at7147,26398at7147
72629at7147,72629at7147
7628at7147,7628at7147
28835at7147,28835at7147
56168at7147,56168at7147
15697at7147,15697at7147
11083at7147,11083at7147
50131at7147,50131at7147
47079at7147,47079at7147
17164at7147,17164at7147
59380at7147,59380at7147
65829at7147,65829at7147
59563at7147,59563at7147
6368at7147,6368at7147
72245at7147,72245at7147
49674at7147,49674at7147
55317at7147,55317at7147
59419at7147,59419at7147
16654at7147,16654at7147
44328at7147,44328at7147
58965at7147,58965at7147
41382at7147,41382at7147
2661at7147,2661at7147
48904at7147,48904at7147
15235at7147,15235at7147
60000at7147,60000at7147
42766at7147,42766at7147
7466at7147,7466at7147
71201at7147,71201at7147
72609at7147,72609at7147
64273at7147,64273at7147
68413at7147,68413at7147
27427at7147,27427at7147
32249at7147,32249at7147
33458at7147,33458at7147
48567at7147,48567at7147
14309at7147,14309at7147
62308at7147,62308at7147
608at7147,608at7147
22997at7147,22997at7147
6524at7147,6524at7147
21727at7147,21727at7147
35569at7147,35569at7147
64137at7147,64137at7147
30695at7147,30695at7147
68444at7147,68444at7147
33446at7147,33446at7147
17094at7147,17094at7147
44335at7147,44335at7147
17450at7147,17450at7147
3442at7147,3442at7147
66900at7147,66900at7147
49040at7147,49040at7147
29046at7147,29046at7147
65313at7147,65313at7147
9017at7147,9017at7147
23525at7147,23525at7147
9594at7147,9594at7147
63882at7147,63882at7147
9373at7147,9373at7147
2302at7147,2302at7147
4053at7147,4053at7147
10036at7147,10036at7147
4986at7147,4986at7147
4165at7147,4165at7147
49230at7147,49230at7147
71142at7147,71142at7147
4133at7147,4133at7147
57063at7147,57063at7147
8106at7147,8106at7147
54648at7147,54648at7147
67223at7147,67223at7147
38817at7147,38817at7147
29906at7147,29906at7147
10216at7147,10216at7147
38879at7147,38879at7147
6417at7147,6417at7147
15331at7147,15331at7147
64773at7147,64773at7147
61334at7147,61334at7147
21866at7147,21866at7147
3013at7147,3013at7147
26370at7147,26370at7147
29795at7147,29795at7147
61663at7147,61663at7147
67421at7147,67421at7147
69019at7147,69019at7147
18561at7147,18561at7147
40525at7147,40525at7147
23744at7147,23744at7147
4573at7147,4573at7147
28128at7147,28128at7147
24713at7147,24713at7147
53915at7147,53915at7147
26922at7147,26922at7147
39795at7147,39795at7147
37340at7147,37340at7147
57943at7147,57943at7147
65949at7147,65949at7147
16806at7147,16806at7147
16001at7147,16001at7147
7573at7147,7573at7147
9853at7147,9853at7147
28318at7147,28318at7147
32239at7147,32239at7147
65948at7147,65948at7147
42992at7147,42992at7147
65802at7147,65802at7147
38256at7147,38256at7147
19298at7147,19298at7147
58250at7147,58250at7147
4736at7147,4736at7147
10087at7147,10087at7147
47111at7147,47111at7147
25194at7147,25194at7147
7164at7147,7164at7147
63495at7147,63495at7147
20280at7147,20280at7147
37114at7147,37114at7147
35903at7147,35903at7147
15910at7147,15910at7147
17616at7147,17616at7147
25602at7147,25602at7147
13510at7147,13510at7147
14899at7147,14899at7147
7035at7147,7035at7147
20708at7147,20708at7147
72383at7147,72383at7147
37092at7147,37092at7147
46428at7147,46428at7147
74922at7147,74922at7147
1738at7147,1738at7147
39754at7147,39754at7147
5041at7147,5041at7147
24648at7147,24648at7147
39439at7147,39439at7147
67720at7147,67720at7147
50222at7147,50222at7147
34096at7147,34096at7147
13072at7147,13072at7147
19517at7147,19517at7147
57168at7147,57168at7147
8171at7147,8171at7147
24094at7147,24094at7147
31731at7147,31731at7147
51608at7147,51608at7147
23195at7147,23195at7147
18757at7147,18757at7147
30551at7147,30551at7147
34919at7147,34919at7147
8971at7147,8971at7147
7349at7147,7349at7147
16827at7147,16827at7147
65846at7147,65846at7147
42448at7147,42448at7147
45012at7147,45012at7147
14340at7147,14340at7147
2817at7147,2817at7147
26180at7147,26180at7147
56695at7147,56695at7147
40121at7147,40121at7147
70408at7147,70408at7147
31061at7147,31061at7147
5281at7147,5281at7147
25058at7147,25058at7147
67792at7147,67792at7147
4551at7147,4551at7147
16088at7147,16088at7147
60761at7147,60761at7147
29073at7147,29073at7147
7311at7147,7311at7147
9777at7147,9777at7147
14270at7147,14270at7147
72354at7147,72354at7147
9303at7147,9303at7147
35260at7147,35260at7147
36428at7147,36428at7147
67323at7147,67323at7147
45771at7147,45771at7147
23803at7147,23803at7147
61306at7147,61306at7147
32378at7147,32378at7147
42387at7147,42387at7147
35266at7147,35266at7147
57006at7147,57006at7147
38651at7147,38651at7147
37754at7147,37754at7147
62316at7147,62316at7147
48575at7147,48575at7147
63427at7147,63427at7147
36765at7147,36765at7147
1204at7147,1204at7147
8406at7147,8406at7147
10997at7147,10997at7147
6258at7147,6258at7147
745at7147,745at7147
29268at7147,29268at7147
46902at7147,46902at7147
14626at7147,14626at7147
51965at7147,51965at7147
14862at7147,14862at7147
49637at7147,49637at7147
64824at7147,64824at7147
38480at7147,38480at7147
18892at7147,18892at7147
77810at7147,77810at7147
37523at7147,37523at7147
43962at7147,43962at7147
3429at7147,3429at7147
42415at7147,42415at7147
61689at7147,61689at7147
7416at7147,7416at7147
29931at7147,29931at7147
16912at7147,16912at7147
59846at7147,59846at7147
73041at7147,73041at7147
56896at7147,56896at7147
49525at7147,49525at7147
14914at7147,14914at7147
8777at7147,8777at7147
5732at7147,5732at7147
33641at7147,33641at7147
20982at7147,20982at7147
23771at7147,23771at7147
47053at7147,47053at7147
29339at7147,29339at7147
25366at7147,25366at7147
42090at7147,42090at7147
52725at7147,52725at7147
74801at7147,74801at7147
72251at7147,72251at7147
47539at7147,47539at7147
55164at7147,55164at7147
50666at7147,50666at7147
3601at7147,3601at7147
38865at7147,38865at7147
51456at7147,51456at7147
41129at7147,41129at7147
58911at7147,58911at7147
52861at7147,52861at7147
68750at7147,68750at7147
47853at7147,47853at7147
41837at7147,41837at7147
24462at7147,24462at7147
1786at7147,1786at7147
1424at7147,1424at7147
595at7147,595at7147
74132at7147,74132at7147
8060at7147,8060at7147
21125at7147,21125at7147
13645at7147,13645at7147
71161at7147,71161at7147
64101at7147,64101at7147
860at7147,860at7147
34843at7147,34843at7147
8350at7147,8350at7147
17902at7147,17902at7147
60700at7147,60700at7147
53475at7147,53475at7147
38024at7147,38024at7147
24895at7147,24895at7147
9336at7147,9336at7147
7366at7147,7366at7147
3445at7147,3445at7147
13921at7147,13921at7147
50923at7147,50923at7147
39111at7147,39111at7147
14069at7147,14069at7147
69279at7147,69279at7147
33811at7147,33811at7147
5170at7147,5170at7147
42257at7147,42257at7147
61958at7147,61958at7147
10241at7147,10241at7147
26000at7147,26000at7147
1246at7147,1246at7147
762at7147,762at7147
33614at7147,33614at7147
37646at7147,37646at7147
62418at7147,62418at7147
65747at7147,65747at7147
27526at7147,27526at7147
39367at7147,39367at7147
6539at7147,6539at7147
7558at7147,7558at7147
19350at7147,19350at7147
29277at7147,29277at7147
14801at7147,14801at7147
11891at7147,11891at7147
7827at7147,7827at7147
63978at7147,63978at7147
73200at7147,73200at7147
45984at7147,45984at7147
13888at7147,13888at7147
6820at7147,6820at7147
62219at7147,62219at7147
4262at7147,4262at7147
20400at7147,20400at7147
24263at7147,24263at7147
8259at7147,8259at7147
18000at7147,18000at7147
58358at7147,58358at7147
64937at7147,64937at7147
53211at7147,53211at7147
1314at7147,1314at7147
48005at7147,48005at7147
8389at7147,8389at7147
43053at7147,43053at7147
72200at7147,72200at7147
49088at7147,49088at7147
40733at7147,40733at7147
46041at7147,46041at7147
2831at7147,2831at7147
967at7147,967at7147
765at7147,765at7147
51733at7147,51733at7147
29052at7147,29052at7147
15144at7147,15144at7147
14844at7147,14844at7147
41126at7147,41126at7147
9202at7147,9202at7147
44372at7147,44372at7147
53356at7147,53356at7147
54498at7147,54498at7147
47363at7147,47363at7147
3560at7147,3560at7147
59482at7147,59482at7147
67439at7147,67439at7147
25153at7147,25153at7147
57746at7147,57746at7147
65219at7147,65219at7147
4298at7147,4298at7147
4035at7147,4035at7147
59434at7147,59434at7147
5394at7147,5394at7147
1519at7147,1519at7147
71120at7147,71120at7147
26146at7147,26146at7147
8453at7147,8453at7147
40310at7147,40310at7147
20780at7147,20780at7147
46700at7147,46700at7147
19401at7147,19401at7147
21904at7147,21904at7147
4924at7147,4924at7147
3153at7147,3153at7147
73932at7147,73932at7147
50753at7147,50753at7147
30313at7147,30313at7147
3716at7147,3716at7147
40371at7147,40371at7147
26504at7147,26504at7147
78083at7147,78083at7147
31785at7147,31785at7147
60106at7147,60106at7147
3077at7147,3077at7147
8698at7147,8698at7147
44737at7147,44737at7147
51383at7147,51383at7147
72973at7147,72973at7147
25505at7147,25505at7147
25096at7147,25096at7147
9178at7147,9178at7147
3556at7147,3556at7147
27246at7147,27246at7147
3562at7147,3562at7147
36129at7147,36129at7147
21406at7147,21406at7147
25061at7147,25061at7147
7133at7147,7133at7147
17341at7147,17341at7147
61813at7147,61813at7147
47977at7147,47977at7147
68787at7147,68787at7147
44125at7147,44125at7147
53336at7147,53336at7147
20943at7147,20943at7147
26582at7147,26582at7147
66070at7147,66070at7147
20349at7147,20349at7147
1553at7147,1553at7147
4860at7147,4860at7147
24241at7147,24241at7147
9277at7147,9277at7147
63807at7147,63807at7147
38040at7147,38040at7147
15046at7147,15046at7147
61627at7147,61627at7147
10213at7147,10213at7147
59944at7147,59944at7147
63304at7147,63304at7147
18797at7147,18797at7147
12665at7147,12665at7147
39543at7147,39543at7147
31470at7147,31470at7147
71796at7147,71796at7147
28855at7147,28855at7147
60624at7147,60624at7147
14098at7147,14098at7147
1099at7147,1099at7147
43990at7147,43990at7147
1727at7147,1727at7147
61929at7147,61929at7147
31424at7147,31424at7147
29994at7147,29994at7147
7171at7147,7171at7147
46949at7147,46949at7147
37678at7147,37678at7147
16156at7147,16156at7147
51294at7147,51294at7147
2540at7147,2540at7147
33993at7147,33993at7147
49275at7147,49275at7147
21716at7147,21716at7147
9161at7147,9161at7147
8935at7147,8935at7147
45416at7147,45416at7147
49375at7147,49375at7147
13486at7147,13486at7147
6155at7147,6155at7147
21008at7147,21008at7147
30439at7147,30439at7147
41136at7147,41136at7147
48609at7147,48609at7147
60061at7147,60061at7147
67613at7147,67613at7147
39073at7147,39073at7147
33096at7147,33096at7147
38956at7147,38956at7147
59700at7147,59700at7147
6917at7147,6917at7147
36951at7147,36951at7147
43663at7147,43663at7147
44758at7147,44758at7147
5264at7147,5264at7147
5309at7147,5309at7147
22978at7147,22978at7147
69947at7147,69947at7147
62739at7147,62739at7147
20808at7147,20808at7147
29141at7147,29141at7147
43952at7147,43952at7147
71549at7147,71549at7147
66553at7147,66553at7147
24802at7147,24802at7147
11388at7147,11388at7147
29581at7147,29581at7147
57938at7147,57938at7147
66344at7147,66344at7147
31778at7147,31778at7147
14561at7147,14561at7147
43455at7147,43455at7147
4886at7147,4886at7147
44475at7147,44475at7147
32612at7147,32612at7147
47156at7147,47156at7147
51633at7147,51633at7147
19765at7147,19765at7147
23288at7147,23288at7147
10426at7147,10426at7147
7403at7147,7403at7147
28713at7147,28713at7147
55444at7147,55444at7147
42154at7147,42154at7147
66532at7147,66532at7147
15072at7147,15072at7147
21828at7147,21828at7147
50978at7147,50978at7147
459at7147,459at7147
52586at7147,52586at7147
59386at7147,59386at7147
6238at7147,6238at7147
20030at7147,20030at7147
23859at7147,23859at7147
40949at7147,40949at7147
46325at7147,46325at7147
824at7147,824at7147
26521at7147,26521at7147
34492at7147,34492at7147
49748at7147,49748at7147
54673at7147,54673at7147
18233at7147,18233at7147
23821at7147,23821at7147
21223at7147,21223at7147
15115at7147,15115at7147
16910at7147,16910at7147
11362at7147,11362at7147
44246at7147,44246at7147
19666at7147,19666at7147
17176at7147,17176at7147
30250at7147,30250at7147
23871at7147,23871at7147
71852at7147,71852at7147
27631at7147,27631at7147
22094at7147,22094at7147
12935at7147,12935at7147
52885at7147,52885at7147
2889at7147,2889at7147
51847at7147,51847at7147
70236at7147,70236at7147
76177at7147,76177at7147
56061at7147,56061at7147
48316at7147,48316at7147
29288at7147,29288at7147
65148at7147,65148at7147
29366at7147,29366at7147
45349at7147,45349at7147
44887at7147,44887at7147
26459at7147,26459at7147
74524at7147,74524at7147
46752at7147,46752at7147
45528at7147,45528at7147
54134at7147,54134at7147
9424at7147,9424at7147
35051at7147,35051at7147
18529at7147,18529at7147
5593at7147,5593at7147
37097at7147,37097at7147
10726at7147,10726at7147
56228at7147,56228at7147
29154at7147,29154at7147
62527at7147,62527at7147
65409at7147,65409at7147
55057at7147,55057at7147
2421at7147,2421at7147
62998at7147,62998at7147
8417at7147,8417at7147
2752at7147,2752at7147
6656at7147,6656at7147
10352at7147,10352at7147
50127at7147,50127at7147
14756at7147,14756at7147
1064at7147,1064at7147
19518at7147,19518at7147
38667at7147,38667at7147
38982at7147,38982at7147
68755at7147,68755at7147
10879at7147,10879at7147
36550at7147,36550at7147
16294at7147,16294at7147
47430at7147,47430at7147
39907at7147,39907at7147
47979at7147,47979at7147
60108at7147,60108at7147
42354at7147,42354at7147
42811at7147,42811at7147
22915at7147,22915at7147
67813at7147,67813at7147
6780at7147,6780at7147
23349at7147,23349at7147
42524at7147,42524at7147
26072at7147,26072at7147
17531at7147,17531at7147
32082at7147,32082at7147
66947at7147,66947at7147
17458at7147,17458at7147
3842at7147,3842at7147
42223at7147,42223at7147
15798at7147,15798at7147
24337at7147,24337at7147
64528at7147,64528at7147
29908at7147,29908at7147
65634at7147,65634at7147
10812at7147,10812at7147
65784at7147,65784at7147
34808at7147,34808at7147
36309at7147,36309at7147
63623at7147,63623at7147
26468at7147,26468at7147
70465at7147,70465at7147
208at7147,208at7147
39468at7147,39468at7147
64601at7147,64601at7147
47874at7147,47874at7147
8630at7147,8630at7147
55637at7147,55637at7147
9762at7147,9762at7147
31450at7147,31450at7147
44182at7147,44182at7147
35217at7147,35217at7147
37011at7147,37011at7147
56468at7147,56468at7147
59349at7147,59349at7147
44599at7147,44599at7147
14255at7147,14255at7147
18309at7147,18309at7147
72435at7147,72435at7147
33709at7147,33709at7147
68367at7147,68367at7147
66155at7147,66155at7147
9747at7147,9747at7147
33689at7147,33689at7147
3553at7147,3553at7147
4794at7147,4794at7147
50720at7147,50720at7147
66764at7147,66764at7147
23222at7147,23222at7147
19741at7147,19741at7147
52547at7147,52547at7147
35696at7147,35696at7147
14688at7147,14688at7147
54851at7147,54851at7147
41062at7147,41062at7147
33167at7147,33167at7147
33513at7147,33513at7147
59648at7147,59648at7147
31013at7147,31013at7147
26799at7147,26799at7147
54471at7147,54471at7147
15780at7147,15780at7147
28253at7147,28253at7147
63760at7147,63760at7147
39154at7147,39154at7147
5132at7147,5132at7147
33430at7147,33430at7147
7365at7147,7365at7147
75710at7147,75710at7147
610at7147,610at7147
59422at7147,59422at7147
24849at7147,24849at7147
65216at7147,65216at7147
47642at7147,47642at7147
28926at7147,28926at7147
40254at7147,40254at7147
59777at7147,59777at7147
16468at7147,16468at7147
70439at7147,70439at7147
36707at7147,36707at7147
31907at7147,31907at7147
11673at7147,11673at7147
35326at7147,35326at7147
40653at7147,40653at7147
71723at7147,71723at7147
5223at7147,5223at7147
21242at7147,21242at7147
161at7147,161at7147
30641at7147,30641at7147
1975at7147,1975at7147
15888at7147,15888at7147
21382at7147,21382at7147
74162at7147,74162at7147
51767at7147,51767at7147
39687at7147,39687at7147
69589at7147,69589at7147
24325at7147,24325at7147
3644at7147,3644at7147
29507at7147,29507at7147
51631at7147,51631at7147
57495at7147,57495at7147
20465at7147,20465at7147
72009at7147,72009at7147
16871at7147,16871at7147
25385at7147,25385at7147
57376at7147,57376at7147
44239at7147,44239at7147
32719at7147,32719at7147
54524at7147,54524at7147
58503at7147,58503at7147
50649at7147,50649at7147
3420at7147,3420at7147
55331at7147,55331at7147
23618at7147,23618at7147
73478at7147,73478at7147
10481at7147,10481at7147
37841at7147,37841at7147
73357at7147,73357at7147
2334at7147,2334at7147
30475at7147,30475at7147
16416at7147,16416at7147
28492at7147,28492at7147
34732at7147,34732at7147
47927at7147,47927at7147
53583at7147,53583at7147
24743at7147,24743at7147
59823at7147,59823at7147
22792at7147,22792at7147
17199at7147,17199at7147
3510at7147,3510at7147
47126at7147,47126at7147
24988at7147,24988at7147
4496at7147,4496at7147
14739at7147,14739at7147
18642at7147,18642at7147
27849at7147,27849at7147
50356at7147,50356at7147
65636at7147,65636at7147
49573at7147,49573at7147
70491at7147,70491at7147
2501at7147,2501at7147
36621at7147,36621at7147
75336at7147,75336at7147
2383at7147,2383at7147
15295at7147,15295at7147
14783at7147,14783at7147
31776at7147,31776at7147
39777at7147,39777at7147
41380at7147,41380at7147
23508at7147,23508at7147
51530at7147,51530at7147
11408at7147,11408at7147
94at7147,94at7147
2249at7147,2249at7147
23564at7147,23564at7147
60890at7147,60890at7147
49651at7147,49651at7147
15349at7147,15349at7147
3786at7147,3786at7147
56902at7147,56902at7147
27370at7147,27370at7147
63838at7147,63838at7147
19831at7147,19831at7147
69152at7147,69152at7147
41363at7147,41363at7147
13769at7147,13769at7147
36171at7147,36171at7147
37548at7147,37548at7147
15479at7147,15479at7147
3283at7147,3283at7147
11681at7147,11681at7147
1015at7147,1015at7147
17607at7147,17607at7147
14257at7147,14257at7147
6281at7147,6281at7147
67985at7147,67985at7147
28889at7147,28889at7147
55358at7147,55358at7147
3500at7147,3500at7147
42351at7147,42351at7147
29162at7147,29162at7147
69742at7147,69742at7147
45669at7147,45669at7147
22280at7147,22280at7147
66109at7147,66109at7147
6114at7147,6114at7147
16510at7147,16510at7147
2841at7147,2841at7147
4538at7147,4538at7147
12095at7147,12095at7147
44830at7147,44830at7147
2843at7147,2843at7147
35908at7147,35908at7147
26337at7147,26337at7147
69243at7147,69243at7147
70593at7147,70593at7147
11165at7147,11165at7147
377at7147,377at7147
42226at7147,42226at7147
59822at7147,59822at7147
39671at7147,39671at7147
65271at7147,65271at7147
35162at7147,35162at7147
68471at7147,68471at7147
10777at7147,10777at7147
33162at7147,33162at7147
33424at7147,33424at7147
37963at7147,37963at7147
47396at7147,47396at7147
51090at7147,51090at7147
58314at7147,58314at7147
7732at7147,7732at7147
16309at7147,16309at7147
16820at7147,16820at7147
62959at7147,62959at7147
18331at7147,18331at7147
30760at7147,30760at7147
44933at7147,44933at7147
10441at7147,10441at7147
12959at7147,12959at7147
44097at7147,44097at7147
3275at7147,3275at7147
1142at7147,1142at7147
22554at7147,22554at7147
6414at7147,6414at7147
11041at7147,11041at7147
12320at7147,12320at7147
27730at7147,27730at7147
10900at7147,10900at7147
59883at7147,59883at7147
8652at7147,8652at7147
29714at7147,29714at7147
25949at7147,25949at7147
58204at7147,58204at7147
11951at7147,11951at7147
30165at7147,30165at7147
36502at7147,36502at7147
62475at7147,62475at7147
28549at7147,28549at7147
32129at7147,32129at7147
64344at7147,64344at7147
63398at7147,63398at7147
10888at7147,10888at7147
49176at7147,49176at7147
63305at7147,63305at7147
30903at7147,30903at7147
4939at7147,4939at7147
51339at7147,51339at7147
34388at7147,34388at7147
15010at7147,15010at7147
29417at7147,29417at7147
8101at7147,8101at7147
14119at7147,14119at7147
31984at7147,31984at7147
14614at7147,14614at7147
45036at7147,45036at7147
24934at7147,24934at7147
23614at7147,23614at7147
12214at7147,12214at7147
48481at7147,48481at7147
60059at7147,60059at7147
5585at7147,5585at7147
15533at7147,15533at7147
3679at7147,3679at7147
12922at7147,12922at7147
10234at7147,10234at7147
48878at7147,48878at7147
1524at7147,1524at7147
57630at7147,57630at7147
1898at7147,1898at7147
4872at7147,4872at7147
10891at7147,10891at7147
3937at7147,3937at7147
14219at7147,14219at7147
5385at7147,5385at7147
597at7147,597at7147
19567at7147,19567at7147
57729at7147,57729at7147
65247at7147,65247at7147
35253at7147,35253at7147
5799at7147,5799at7147
67894at7147,67894at7147
66133at7147,66133at7147
72174at7147,72174at7147
67166at7147,67166at7147
23165at7147,23165at7147
59078at7147,59078at7147
1962at7147,1962at7147
27639at7147,27639at7147
1739at7147,1739at7147
41731at7147,41731at7147
50665at7147,50665at7147
42599at7147,42599at7147
4461at7147,4461at7147
15254at7147,15254at7147
12063at7147,12063at7147
51851at7147,51851at7147
3469at7147,3469at7147
55175at7147,55175at7147
60845at7147,60845at7147
69363at7147,69363at7147
64192at7147,64192at7147
33367at7147,33367at7147
53126at7147,53126at7147
45978at7147,45978at7147
39282at7147,39282at7147
75882at7147,75882at7147
18514at7147,18514at7147
12434at7147,12434at7147
4227at7147,4227at7147
69382at7147,69382at7147
48691at7147,48691at7147
54811at7147,54811at7147
37703at7147,37703at7147
23975at7147,23975at7147
28685at7147,28685at7147
46018at7147,46018at7147
10531at7147,10531at7147
38782at7147,38782at7147
22566at7147,22566at7147
9926at7147,9926at7147
45179at7147,45179at7147
62374at7147,62374at7147
52705at7147,52705at7147
57691at7147,57691at7147
61944at7147,61944at7147
25085at7147,25085at7147
27931at7147,27931at7147
42845at7147,42845at7147
7355at7147,7355at7147
56714at7147,56714at7147
49015at7147,49015at7147
39090at7147,39090at7147
26874at7147,26874at7147
10963at7147,10963at7147
7747at7147,7747at7147
7863at7147,7863at7147
58544at7147,58544at7147
22577at7147,22577at7147
8713at7147,8713at7147
61012at7147,61012at7147
48521at7147,48521at7147
34735at7147,34735at7147
376at7147,376at7147
5382at7147,5382at7147
36676at7147,36676at7147
55836at7147,55836at7147
33223at7147,33223at7147
57639at7147,57639at7147
24937at7147,24937at7147
12361at7147,12361at7147
1636at7147,1636at7147
54719at7147,54719at7147
33604at7147,33604at7147
5086at7147,5086at7147
16793at7147,16793at7147
56931at7147,56931at7147
36630at7147,36630at7147
60733at7147,60733at7147
70261at7147,70261at7147
7341at7147,7341at7147
45268at7147,45268at7147
1270at7147,1270at7147
42469at7147,42469at7147
21063at7147,21063at7147
2750at7147,2750at7147
28604at7147,28604at7147
29766at7147,29766at7147
43149at7147,43149at7147
59417at7147,59417at7147
66874at7147,66874at7147
8997at7147,8997at7147
35954at7147,35954at7147
58072at7147,58072at7147
9673at7147,9673at7147
26204at7147,26204at7147
43477at7147,43477at7147
7596at7147,7596at7147
22578at7147,22578at7147
14333at7147,14333at7147
16392at7147,16392at7147
55409at7147,55409at7147
74811at7147,74811at7147
33110at7147,33110at7147
32314at7147,32314at7147
34577at7147,34577at7147
71477at7147,71477at7147
50872at7147,50872at7147
13745at7147,13745at7147
48745at7147,48745at7147
22821at7147,22821at7147
39577at7147,39577at7147
34323at7147,34323at7147
36511at7147,36511at7147
52768at7147,52768at7147
20829at7147,20829at7147
57660at7147,57660at7147
20050at7147,20050at7147
16321at7147,16321at7147
1712at7147,1712at7147
38916at7147,38916at7147
40078at7147,40078at7147
20676at7147,20676at7147
11179at7147,11179at7147
7792at7147,7792at7147
62774at7147,62774at7147
56472at7147,56472at7147
8070at7147,8070at7147
20790at7147,20790at7147
9779at7147,9779at7147
61379at7147,61379at7147
61425at7147,61425at7147
33254at7147,33254at7147
23440at7147,23440at7147
31537at7147,31537at7147
18097at7147,18097at7147
13983at7147,13983at7147
28798at7147,28798at7147
21208at7147,21208at7147
64145at7147,64145at7147
25438at7147,25438at7147
54302at7147,54302at7147
12257at7147,12257at7147
57159at7147,57159at7147
31118at7147,31118at7147
9363at7147,9363at7147
17197at7147,17197at7147
10625at7147,10625at7147
31170at7147,31170at7147
43175at7147,43175at7147
12524at7147,12524at7147
80at7147,80at7147
13201at7147,13201at7147
66809at7147,66809at7147
48887at7147,48887at7147
49401at7147,49401at7147
52902at7147,52902at7147
10146at7147,10146at7147
13925at7147,13925at7147
19956at7147,19956at7147
62165at7147,62165at7147
30809at7147,30809at7147
51328at7147,51328at7147
50053at7147,50053at7147
12067at7147,12067at7147
20351at7147,20351at7147
70302at7147,70302at7147
26387at7147,26387at7147
10848at7147,10848at7147
40359at7147,40359at7147
14933at7147,14933at7147
40880at7147,40880at7147
55888at7147,55888at7147
35836at7147,35836at7147
4304at7147,4304at7147
41274at7147,41274at7147
2257at7147,2257at7147
5100at7147,5100at7147
61331at7147,61331at7147
71034at7147,71034at7147
2687at7147,2687at7147
36745at7147,36745at7147
49836at7147,49836at7147
37078at7147,37078at7147
51210at7147,51210at7147
42406at7147,42406at7147
41101at7147,41101at7147
20603at7147,20603at7147
55278at7147,55278at7147
19601at7147,19601at7147
25266at7147,25266at7147
70537at7147,70537at7147
17686at7147,17686at7147
24567at7147,24567at7147
61341at7147,61341at7147
39155at7147,39155at7147
51at7147,51at7147
62487at7147,62487at7147
53499at7147,53499at7147
66091at7147,66091at7147
66519at7147,66519at7147
28402at7147,28402at7147
8365at7147,8365at7147
28356at7147,28356at7147
18318at7147,18318at7147
61154at7147,61154at7147
19475at7147,19475at7147
55570at7147,55570at7147
17922at7147,17922at7147
26150at7147,26150at7147
50761at7147,50761at7147
62098at7147,62098at7147
2361at7147,2361at7147
38687at7147,38687at7147
40948at7147,40948at7147
698at7147,698at7147
45519at7147,45519at7147
64568at7147,64568at7147
65304at7147,65304at7147
33250at7147,33250at7147
17155at7147,17155at7147
7394at7147,7394at7147
30657at7147,30657at7147
30365at7147,30365at7147
13368at7147,13368at7147
2164at7147,2164at7147
18551at7147,18551at7147
63174at7147,63174at7147
40052at7147,40052at7147
46219at7147,46219at7147
55301at7147,55301at7147
43699at7147,43699at7147
40947at7147,40947at7147
28469at7147,28469at7147
14412at7147,14412at7147
51018at7147,51018at7147
29328at7147,29328at7147
28637at7147,28637at7147
39118at7147,39118at7147
17835at7147,17835at7147
32289at7147,32289at7147
10272at7147,10272at7147
32098at7147,32098at7147
2918at7147,2918at7147
9067at7147,9067at7147
30097at7147,30097at7147
27055at7147,27055at7147
898at7147,898at7147
8522at7147,8522at7147
36681at7147,36681at7147
71857at7147,71857at7147
3371at7147,3371at7147
49981at7147,49981at7147
43115at7147,43115at7147
54155at7147,54155at7147
49063at7147,49063at7147
69478at7147,69478at7147
24253at7147,24253at7147
16807at7147,16807at7147
46086at7147,46086at7147
27373at7147,27373at7147
41481at7147,41481at7147
14996at7147,14996at7147
8776at7147,8776at7147
64310at7147,64310at7147
53582at7147,53582at7147
5439at7147,5439at7147
55972at7147,55972at7147
64402at7147,64402at7147
32748at7147,32748at7147
22699at7147,22699at7147
27815at7147,27815at7147
63091at7147,63091at7147
17030at7147,17030at7147
36647at7147,36647at7147
62544at7147,62544at7147
42536at7147,42536at7147
28130at7147,28130at7147
68763at7147,68763at7147
14952at7147,14952at7147
31289at7147,31289at7147
69342at7147,69342at7147
19240at7147,19240at7147
3422at7147,3422at7147
28979at7147,28979at7147
31237at7147,31237at7147
70365at7147,70365at7147
59650at7147,59650at7147
61002at7147,61002at7147
3935at7147,3935at7147
32200at7147,32200at7147
32632at7147,32632at7147
25693at7147,25693at7147
8245at7147,8245at7147
17699at7147,17699at7147
48182at7147,48182at7147
69968at7147,69968at7147
12426at7147,12426at7147
23956at7147,23956at7147
29186at7147,29186at7147
67611at7147,67611at7147
1378at7147,1378at7147
3067at7147,3067at7147
38703at7147,38703at7147
3521at7147,3521at7147
7900at7147,7900at7147
7754at7147,7754at7147
70268at7147,70268at7147
10937at7147,10937at7147
25975at7147,25975at7147
22971at7147,22971at7147
10855at7147,10855at7147
14506at7147,14506at7147
59748at7147,59748at7147
26110at7147,26110at7147
10512at7147,10512at7147
47822at7147,47822at7147
65841at7147,65841at7147
66392at7147,66392at7147
47202at7147,47202at7147
41248at7147,41248at7147
29552at7147,29552at7147
60835at7147,60835at7147
20521at7147,20521at7147
65504at7147,65504at7147
9963at7147,9963at7147
41286at7147,41286at7147
36112at7147,36112at7147
24499at7147,24499at7147
40483at7147,40483at7147
45541at7147,45541at7147
64239at7147,64239at7147
45755at7147,45755at7147
65163at7147,65163at7147
13844at7147,13844at7147
41304at7147,41304at7147
39519at7147,39519at7147
11794at7147,11794at7147
56304at7147,56304at7147
12448at7147,12448at7147
61738at7147,61738at7147
41010at7147,41010at7147
59202at7147,59202at7147
18686at7147,18686at7147
45612at7147,45612at7147
42518at7147,42518at7147
5188at7147,5188at7147
9679at7147,9679at7147
5354at7147,5354at7147
60511at7147,60511at7147
23079at7147,23079at7147
8373at7147,8373at7147
36356at7147,36356at7147
42039at7147,42039at7147
51643at7147,51643at7147
38522at7147,38522at7147
25671at7147,25671at7147
63988at7147,63988at7147
38358at7147,38358at7147
56571at7147,56571at7147
29364at7147,29364at7147
8099at7147,8099at7147
65812at7147,65812at7147
15824at7147,15824at7147
34460at7147,34460at7147
49563at7147,49563at7147
1122at7147,1122at7147
24103at7147,24103at7147
32700at7147,32700at7147
41252at7147,41252at7147
30913at7147,30913at7147
29311at7147,29311at7147
7024at7147,7024at7147
9357at7147,9357at7147
59338at7147,59338at7147
49153at7147,49153at7147
33236at7147,33236at7147
13678at7147,13678at7147
25955at7147,25955at7147
73585at7147,73585at7147
15947at7147,15947at7147
65974at7147,65974at7147
3196at7147,3196at7147
31388at7147,31388at7147
45320at7147,45320at7147
57771at7147,57771at7147
7032at7147,7032at7147
10316at7147,10316at7147
2027at7147,2027at7147
19449at7147,19449at7147
7424at7147,7424at7147
1288at7147,1288at7147
18564at7147,18564at7147
37837at7147,37837at7147
15650at7147,15650at7147
47597at7147,47597at7147
43770at7147,43770at7147
62166at7147,62166at7147
19706at7147,19706at7147
48558at7147,48558at7147
10506at7147,10506at7147
15357at7147,15357at7147
24270at7147,24270at7147
556at7147,556at7147
9581at7147,9581at7147
7887at7147,7887at7147
27975at7147,27975at7147
7061at7147,7061at7147
19505at7147,19505at7147
26792at7147,26792at7147
3208at7147,3208at7147
178at7147,178at7147
28571at7147,28571at7147
31967at7147,31967at7147
38944at7147,38944at7147
57299at7147,57299at7147
36194at7147,36194at7147
20777at7147,20777at7147
37112at7147,37112at7147
45517at7147,45517at7147
44823at7147,44823at7147
11914at7147,11914at7147
51433at7147,51433at7147
60396at7147,60396at7147
72149at7147,72149at7147
62155at7147,62155at7147
58775at7147,58775at7147
44340at7147,44340at7147
49999at7147,49999at7147
51405at7147,51405at7147
3915at7147,3915at7147
22337at7147,22337at7147
6739at7147,6739at7147
32079at7147,32079at7147
71677at7147,71677at7147
60436at7147,60436at7147
7480at7147,7480at7147
6036at7147,6036at7147
51197at7147,51197at7147
23039at7147,23039at7147
3868at7147,3868at7147
29239at7147,29239at7147
23970at7147,23970at7147
52727at7147,52727at7147
41508at7147,41508at7147
61145at7147,61145at7147
32946at7147,32946at7147
37195at7147,37195at7147
977at7147,977at7147
11012at7147,11012at7147
26419at7147,26419at7147
28428at7147,28428at7147
56866at7147,56866at7147
25282at7147,25282at7147
65498at7147,65498at7147
73648at7147,73648at7147
10251at7147,10251at7147
77127at7147,77127at7147
27002at7147,27002at7147
17905at7147,17905at7147
47334at7147,47334at7147
54362at7147,54362at7147
17677at7147,17677at7147
67729at7147,67729at7147
31963at7147,31963at7147
54158at7147,54158at7147
52235at7147,52235at7147
27761at7147,27761at7147
41421at7147,41421at7147
60422at7147,60422at7147
19915at7147,19915at7147
24943at7147,24943at7147
48749at7147,48749at7147
33537at7147,33537at7147
21742at7147,21742at7147
20706at7147,20706at7147
22680at7147,22680at7147
10759at7147,10759at7147
12548at7147,12548at7147
14136at7147,14136at7147
37488at7147,37488at7147
17462at7147,17462at7147
6487at7147,6487at7147
56466at7147,56466at7147
46647at7147,46647at7147
38950at7147,38950at7147
57915at7147,57915at7147
4283at7147,4283at7147
39607at7147,39607at7147
29168at7147,29168at7147
35872at7147,35872at7147
38855at7147,38855at7147
10764at7147,10764at7147
4145at7147,4145at7147
6946at7147,6946at7147
9008at7147,9008at7147
19943at7147,19943at7147
51005at7147,51005at7147
32636at7147,32636at7147
1539at7147,1539at7147
33288at7147,33288at7147
56808at7147,56808at7147
55893at7147,55893at7147
36877at7147,36877at7147
35396at7147,35396at7147
64595at7147,64595at7147
19391at7147,19391at7147
15218at7147,15218at7147
27388at7147,27388at7147
9792at7147,9792at7147
4497at7147,4497at7147
7642at7147,7642at7147
63439at7147,63439at7147
8286at7147,8286at7147
169at7147,169at7147
45343at7147,45343at7147
11909at7147,11909at7147
64099at7147,64099at7147
17110at7147,17110at7147
53484at7147,53484at7147
11125at7147,11125at7147
27288at7147,27288at7147
36702at7147,36702at7147
13877at7147,13877at7147
27220at7147,27220at7147
17576at7147,17576at7147
29789at7147,29789at7147
56194at7147,56194at7147
65010at7147,65010at7147
26909at7147,26909at7147
20227at7147,20227at7147
71204at7147,71204at7147
45475at7147,45475at7147
20119at7147,20119at7147
19855at7147,19855at7147
50746at7147,50746at7147
7526at7147,7526at7147
31285at7147,31285at7147
36467at7147,36467at7147
15841at7147,15841at7147
53272at7147,53272at7147
24552at7147,24552at7147
62188at7147,62188at7147
22307at7147,22307at7147
31515at7147,31515at7147
46386at7147,46386at7147
65562at7147,65562at7147
53285at7147,53285at7147
46758at7147,46758at7147
49208at7147,49208at7147
54512at7147,54512at7147
60195at7147,60195at7147
72228at7147,72228at7147
466at7147,466at7147
21168at7147,21168at7147
21695at7147,21695at7147
25277at7147,25277at7147
811at7147,811at7147
7736at7147,7736at7147
28551at7147,28551at7147
2233at7147,2233at7147
38433at7147,38433at7147
42501at7147,42501at7147
13150at7147,13150at7147
65211at7147,65211at7147
29100at7147,29100at7147
31417at7147,31417at7147
32359at7147,32359at7147
76473at7147,76473at7147
38004at7147,38004at7147
11987at7147,11987at7147
25988at7147,25988at7147
20451at7147,20451at7147
2118at7147,2118at7147
12961at7147,12961at7147
39318at7147,39318at7147
18544at7147,18544at7147
71453at7147,71453at7147
54424at7147,54424at7147
24746at7147,24746at7147
40817at7147,40817at7147
64034at7147,64034at7147
39959at7147,39959at7147
7592at7147,7592at7147
17657at7147,17657at7147
37248at7147,37248at7147
47775at7147,47775at7147
51524at7147,51524at7147
69144at7147,69144at7147
53397at7147,53397at7147
71570at7147,71570at7147
3861at7147,3861at7147
38010at7147,38010at7147
22463at7147,22463at7147
68601at7147,68601at7147
3096at7147,3096at7147
17711at7147,17711at7147
23580at7147,23580at7147
30895at7147,30895at7147
22042at7147,22042at7147
34692at7147,34692at7147
43003at7147,43003at7147
8407at7147,8407at7147
70683at7147,70683at7147
6817at7147,6817at7147
74859at7147,74859at7147
62679at7147,62679at7147
33897at7147,33897at7147
3789at7147,3789at7147
15759at7147,15759at7147
26132at7147,26132at7147
28603at7147,28603at7147
54335at7147,54335at7147
6900at7147,6900at7147
20840at7147,20840at7147
35474at7147,35474at7147
51441at7147,51441at7147
60975at7147,60975at7147
64062at7147,64062at7147
56014at7147,56014at7147
65376at7147,65376at7147
67815at7147,67815at7147
29860at7147,29860at7147
9671at7147,9671at7147
25215at7147,25215at7147
26125at7147,26125at7147
46268at7147,46268at7147
50789at7147,50789at7147
17067at7147,17067at7147
61291at7147,61291at7147
39895at7147,39895at7147
66432at7147,66432at7147
6536at7147,6536at7147
55435at7147,55435at7147
46488at7147,46488at7147
59355at7147,59355at7147
16704at7147,16704at7147
976at7147,976at7147
2497at7147,2497at7147
7438at7147,7438at7147
30068at7147,30068at7147
396at7147,396at7147
32573at7147,32573at7147
23343at7147,23343at7147
30260at7147,30260at7147
51812at7147,51812at7147
61185at7147,61185at7147
296at7147,296at7147
42702at7147,42702at7147
74851at7147,74851at7147
5396at7147,5396at7147
8858at7147,8858at7147
42569at7147,42569at7147
25933at7147,25933at7147
9834at7147,9834at7147
63078at7147,63078at7147
4953at7147,4953at7147
35208at7147,35208at7147
58630at7147,58630at7147
69488at7147,69488at7147
34897at7147,34897at7147
58639at7147,58639at7147
70927at7147,70927at7147
43690at7147,43690at7147
12498at7147,12498at7147
46778at7147,46778at7147
60441at7147,60441at7147
43417at7147,43417at7147
38158at7147,38158at7147
51332at7147,51332at7147
15415at7147,15415at7147
56082at7147,56082at7147
58055at7147,58055at7147
42323at7147,42323at7147
20724at7147,20724at7147
52012at7147,52012at7147
10687at7147,10687at7147
26986at7147,26986at7147
28287at7147,28287at7147
23326at7147,23326at7147
60981at7147,60981at7147
64495at7147,64495at7147
30248at7147,30248at7147
52038at7147,52038at7147
56287at7147,56287at7147
8176at7147,8176at7147
16541at7147,16541at7147
42176at7147,42176at7147
65900at7147,65900at7147
55264at7147,55264at7147
2598at7147,2598at7147
28673at7147,28673at7147
29352at7147,29352at7147
58551at7147,58551at7147
24200at7147,24200at7147
15021at7147,15021at7147
16209at7147,16209at7147
74414at7147,74414at7147
59843at7147,59843at7147
40874at7147,40874at7147
61516at7147,61516at7147
55382at7147,55382at7147
2390at7147,2390at7147
7870at7147,7870at7147
35978at7147,35978at7147
70504at7147,70504at7147
77013at7147,77013at7147
19459at7147,19459at7147
36970at7147,36970at7147
28651at7147,28651at7147
52298at7147,52298at7147
32465at7147,32465at7147
38242at7147,38242at7147
25549at7147,25549at7147
17605at7147,17605at7147
30627at7147,30627at7147
47233at7147,47233at7147
51190at7147,51190at7147
516at7147,516at7147
4796at7147,4796at7147
21142at7147,21142at7147
24608at7147,24608at7147
34132at7147,34132at7147
12843at7147,12843at7147
56890at7147,56890at7147
18759at7147,18759at7147
16223at7147,16223at7147
51281at7147,51281at7147
34864at7147,34864at7147
11310at7147,11310at7147
41330at7147,41330at7147
15868at7147,15868at7147
72128at7147,72128at7147
889at7147,889at7147
13936at7147,13936at7147
19095at7147,19095at7147
6332at7147,6332at7147
49201at7147,49201at7147
56727at7147,56727at7147
55489at7147,55489at7147
38589at7147,38589at7147
51667at7147,51667at7147
6383at7147,6383at7147
33183at7147,33183at7147
33638at7147,33638at7147
41742at7147,41742at7147
59000at7147,59000at7147
13275at7147,13275at7147
4013at7147,4013at7147
28538at7147,28538at7147
26791at7147,26791at7147
55187at7147,55187at7147
29711at7147,29711at7147
49377at7147,49377at7147
20839at7147,20839at7147
18167at7147,18167at7147
26876at7147,26876at7147
32844at7147,32844at7147
13206at7147,13206at7147
14196at7147,14196at7147
14234at7147,14234at7147
25369at7147,25369at7147
40116at7147,40116at7147
14180at7147,14180at7147
69129at7147,69129at7147
7181at7147,7181at7147
60953at7147,60953at7147
69619at7147,69619at7147
68960at7147,68960at7147
41927at7147,41927at7147
37033at7147,37033at7147
22804at7147,22804at7147
9003at7147,9003at7147
10420at7147,10420at7147
10970at7147,10970at7147
56762at7147,56762at7147
17275at7147,17275at7147
5858at7147,5858at7147
24450at7147,24450at7147
38191at7147,38191at7147
58470at7147,58470at7147
48995at7147,48995at7147
61573at7147,61573at7147
6077at7147,6077at7147
10172at7147,10172at7147
59033at7147,59033at7147
11487at7147,11487at7147
50189at7147,50189at7147
53747at7147,53747at7147
15557at7147,15557at7147
24250at7147,24250at7147
24903at7147,24903at7147
65709at7147,65709at7147
46798at7147,46798at7147
40273at7147,40273at7147
20077at7147,20077at7147
10371at7147,10371at7147
1674at7147,1674at7147
21668at7147,21668at7147
4568at7147,4568at7147
35835at7147,35835at7147
32037at7147,32037at7147
62207at7147,62207at7147
20504at7147,20504at7147
17947at7147,17947at7147
34952at7147,34952at7147
43549at7147,43549at7147
52543at7147,52543at7147
75954at7147,75954at7147
74791at7147,74791at7147
65094at7147,65094at7147
58605at7147,58605at7147
60518at7147,60518at7147
13828at7147,13828at7147
21290at7147,21290at7147
64430at7147,64430at7147
21846at7147,21846at7147
68918at7147,68918at7147
56054at7147,56054at7147
74572at7147,74572at7147
13976at7147,13976at7147
57702at7147,57702at7147
73085at7147,73085at7147
34551at7147,34551at7147
784at7147,784at7147
49274at7147,49274at7147
14525at7147,14525at7147
60696at7147,60696at7147
67772at7147,67772at7147
65355at7147,65355at7147
47007at7147,47007at7147
21179at7147,21179at7147
4401at7147,4401at7147
64834at7147,64834at7147
38856at7147,38856at7147
43017at7147,43017at7147
38488at7147,38488at7147
46292at7147,46292at7147
20167at7147,20167at7147
15788at7147,15788at7147
56174at7147,56174at7147
14057at7147,14057at7147
22656at7147,22656at7147
33530at7147,33530at7147
44003at7147,44003at7147
30134at7147,30134at7147
31940at7147,31940at7147
59790at7147,59790at7147
59619at7147,59619at7147
51516at7147,51516at7147
42337at7147,42337at7147
4076at7147,4076at7147
44043at7147,44043at7147
46985at7147,46985at7147
55361at7147,55361at7147
8414at7147,8414at7147
27714at7147,27714at7147
7034at7147,7034at7147
5008at7147,5008at7147
23502at7147,23502at7147
44941at7147,44941at7147
648at7147,648at7147
43106at7147,43106at7147
5032at7147,5032at7147
47457at7147,47457at7147
25792at7147,25792at7147
869at7147,869at7147
34293at7147,34293at7147
32983at7147,32983at7147
74939at7147,74939at7147
47966at7147,47966at7147
61593at7147,61593at7147
70323at7147,70323at7147
43332at7147,43332at7147
16833at7147,16833at7147
63025at7147,63025at7147
62531at7147,62531at7147
5504at7147,5504at7147
8031at7147,8031at7147
24373at7147,24373at7147
65345at7147,65345at7147
12250at7147,12250at7147
3505at7147,3505at7147
36084at7147,36084at7147
50546at7147,50546at7147
70904at7147,70904at7147
19016at7147,19016at7147
56387at7147,56387at7147
17064at7147,17064at7147
61280at7147,61280at7147
25941at7147,25941at7147
60178at7147,60178at7147
50634at7147,50634at7147
14334at7147,14334at7147
26801at7147,26801at7147
47770at7147,47770at7147
6751at7147,6751at7147
36257at7147,36257at7147
9326at7147,9326at7147
75208at7147,75208at7147
71381at7147,71381at7147
4042at7147,4042at7147
69496at7147,69496at7147
66297at7147,66297at7147
7707at7147,7707at7147
42037at7147,42037at7147
47228at7147,47228at7147
47683at7147,47683at7147
42799at7147,42799at7147
44009at7147,44009at7147
72254at7147,72254at7147
31425at7147,31425at7147
5630at7147,5630at7147
31691at7147,31691at7147
35580at7147,35580at7147
56071at7147,56071at7147
62360at7147,62360at7147
26149at7147,26149at7147
36427at7147,36427at7147
22903at7147,22903at7147
70243at7147,70243at7147
10162at7147,10162at7147
40519at7147,40519at7147
47607at7147,47607at7147
17231at7147,17231at7147
2274at7147,2274at7147
19314at7147,19314at7147
12017at7147,12017at7147
2199at7147,2199at7147
29281at7147,29281at7147
24544at7147,24544at7147
59431at7147,59431at7147
61970at7147,61970at7147
72056at7147,72056at7147
9929at7147,9929at7147
15484at7147,15484at7147
57326at7147,57326at7147
2004at7147,2004at7147
41233at7147,41233at7147
50327at7147,50327at7147
65381at7147,65381at7147
10520at7147,10520at7147
49223at7147,49223at7147
68269at7147,68269at7147
44253at7147,44253at7147
42466at7147,42466at7147
57194at7147,57194at7147
30269at7147,30269at7147
46433at7147,46433at7147
8968at7147,8968at7147
25649at7147,25649at7147
21017at7147,21017at7147
7326at7147,7326at7147
9534at7147,9534at7147
39485at7147,39485at7147
19591at7147,19591at7147
41851at7147,41851at7147
42767at7147,42767at7147
15247at7147,15247at7147
6011at7147,6011at7147
55717at7147,55717at7147
44216at7147,44216at7147
60957at7147,60957at7147
61606at7147,61606at7147
67095at7147,67095at7147
28210at7147,28210at7147
19946at7147,19946at7147
5461at7147,5461at7147
22067at7147,22067at7147
53180at7147,53180at7147
2273at7147,2273at7147
5848at7147,5848at7147
7772at7147,7772at7147
51237at7147,51237at7147
54527at7147,54527at7147
969at7147,969at7147
32292at7147,32292at7147
34658at7147,34658at7147
65579at7147,65579at7147
15985at7147,15985at7147
19562at7147,19562at7147
13662at7147,13662at7147
67285at7147,67285at7147
8001at7147,8001at7147
6066at7147,6066at7147
31414at7147,31414at7147
5172at7147,5172at7147
14508at7147,14508at7147
29425at7147,29425at7147
6869at7147,6869at7147
49533at7147,49533at7147
43242at7147,43242at7147
12554at7147,12554at7147
31948at7147,31948at7147
48208at7147,48208at7147
6461at7147,6461at7147
29582at7147,29582at7147
8135at7147,8135at7147
20838at7147,20838at7147
27134at7147,27134at7147
46254at7147,46254at7147
66653at7147,66653at7147
38001at7147,38001at7147
40793at7147,40793at7147
16602at7147,16602at7147
1492at7147,1492at7147
30343at7147,30343at7147
26954at7147,26954at7147
57893at7147,57893at7147
11193at7147,11193at7147
58228at7147,58228at7147
33362at7147,33362at7147
42925at7147,42925at7147
26380at7147,26380at7147
15427at7147,15427at7147
48534at7147,48534at7147
9118at7147,9118at7147
68993at7147,68993at7147
28348at7147,28348at7147
43757at7147,43757at7147
56816at7147,56816at7147
15913at7147,15913at7147
49784at7147,49784at7147
24459at7147,24459at7147
41591at7147,41591at7147
23988at7147,23988at7147
13837at7147,13837at7147
39435at7147,39435at7147
6537at7147,6537at7147
33443at7147,33443at7147
9872at7147,9872at7147
9219at7147,9219at7147
11268at7147,11268at7147
47216at7147,47216at7147
60099at7147,60099at7147
14625at7147,14625at7147
39673at7147,39673at7147
71486at7147,71486at7147
78504at7147,78504at7147
70512at7147,70512at7147
7011at7147,7011at7147
37209at7147,37209at7147
41177at7147,41177at7147
62825at7147,62825at7147
63901at7147,63901at7147
51315at7147,51315at7147
40629at7147,40629at7147
7309at7147,7309at7147
2200at7147,2200at7147
8618at7147,8618at7147
49323at7147,49323at7147
62664at7147,62664at7147
74461at7147,74461at7147
61981at7147,61981at7147
24060at7147,24060at7147
52508at7147,52508at7147
19617at7147,19617at7147
2590at7147,2590at7147
42033at7147,42033at7147
30931at7147,30931at7147
45052at7147,45052at7147
15162at7147,15162at7147
10672at7147,10672at7147
9837at7147,9837at7147
10927at7147,10927at7147
35803at7147,35803at7147
5868at7147,5868at7147
29111at7147,29111at7147
508at7147,508at7147
59678at7147,59678at7147
8037at7147,8037at7147
2104at7147,2104at7147
69614at7147,69614at7147
30324at7147,30324at7147
8418at7147,8418at7147
27907at7147,27907at7147
34330at7147,34330at7147
67346at7147,67346at7147
13885at7147,13885at7147
48743at7147,48743at7147
17280at7147,17280at7147
22228at7147,22228at7147
27672at7147,27672at7147
69399at7147,69399at7147
50591at7147,50591at7147
34667at7147,34667at7147
8216at7147,8216at7147
67511at7147,67511at7147
2714at7147,2714at7147
8482at7147,8482at7147
22343at7147,22343at7147
9848at7147,9848at7147
54921at7147,54921at7147
74360at7147,74360at7147
2232at7147,2232at7147
17796at7147,17796at7147
8399at7147,8399at7147
46181at7147,46181at7147
43860at7147,43860at7147
29006at7147,29006at7147
31703at7147,31703at7147
35877at7147,35877at7147
17130at7147,17130at7147
28192at7147,28192at7147
36989at7147,36989at7147
64151at7147,64151at7147
27160at7147,27160at7147
40701at7147,40701at7147
14378at7147,14378at7147
55297at7147,55297at7147
2768at7147,2768at7147
566at7147,566at7147
33478at7147,33478at7147
69541at7147,69541at7147
26322at7147,26322at7147
32912at7147,32912at7147
22609at7147,22609at7147
11767at7147,11767at7147
33889at7147,33889at7147
18773at7147,18773at7147
30128at7147,30128at7147
28906at7147,28906at7147
46531at7147,46531at7147
45223at7147,45223at7147
9987at7147,9987at7147
70448at7147,70448at7147
40089at7147,40089at7147
27952at7147,27952at7147
52039at7147,52039at7147
27431at7147,27431at7147
46001at7147,46001at7147
18393at7147,18393at7147
78760at7147,78760at7147
62135at7147,62135at7147
33436at7147,33436at7147
22620at7147,22620at7147
38298at7147,38298at7147
65644at7147,65644at7147
45916at7147,45916at7147
14825at7147,14825at7147
36652at7147,36652at7147
28676at7147,28676at7147
3746at7147,3746at7147
34236at7147,34236at7147
11593at7147,11593at7147
23983at7147,23983at7147
14886at7147,14886at7147
62037at7147,62037at7147
28015at7147,28015at7147
31043at7147,31043at7147
48305at7147,48305at7147
13896at7147,13896at7147
32478at7147,32478at7147
37432at7147,37432at7147
22551at7147,22551at7147
39601at7147,39601at7147
6861at7147,6861at7147
22137at7147,22137at7147
43141at7147,43141at7147
22422at7147,22422at7147
75294at7147,75294at7147
2048at7147,2048at7147
9084at7147,9084at7147
11870at7147,11870at7147
23463at7147,23463at7147
40428at7147,40428at7147
33755at7147,33755at7147
2459at7147,2459at7147
73978at7147,73978at7147
76375at7147,76375at7147
62670at7147,62670at7147
61729at7147,61729at7147
18153at7147,18153at7147
64960at7147,64960at7147
73420at7147,73420at7147
15691at7147,15691at7147
42857at7147,42857at7147
54625at7147,54625at7147
26600at7147,26600at7147
63868at7147,63868at7147
21252at7147,21252at7147
28559at7147,28559at7147
64928at7147,64928at7147
19641at7147,19641at7147
51316at7147,51316at7147
63494at7147,63494at7147
26274at7147,26274at7147
7158at7147,7158at7147
25717at7147,25717at7147
4190at7147,4190at7147
76356at7147,76356at7147
25357at7147,25357at7147
12684at7147,12684at7147
55362at7147,55362at7147
41740at7147,41740at7147
20895at7147,20895at7147
6804at7147,6804at7147
8225at7147,8225at7147
48274at7147,48274at7147
26789at7147,26789at7147
25449at7147,25449at7147
58926at7147,58926at7147
64967at7147,64967at7147
16390at7147,16390at7147
17367at7147,17367at7147
75444at7147,75444at7147
25591at7147,25591at7147
7120at7147,7120at7147
5203at7147,5203at7147
31961at7147,31961at7147
18914at7147,18914at7147
3078at7147,3078at7147
60405at7147,60405at7147
40259at7147,40259at7147
4541at7147,4541at7147
22365at7147,22365at7147
2891at7147,2891at7147
4293at7147,4293at7147
58312at7147,58312at7147
25406at7147,25406at7147
55254at7147,55254at7147
67217at7147,67217at7147
50723at7147,50723at7147
56659at7147,56659at7147
7208at7147,7208at7147
16582at7147,16582at7147
10350at7147,10350at7147
3394at7147,3394at7147
56578at7147,56578at7147
22226at7147,22226at7147
22867at7147,22867at7147
23968at7147,23968at7147
16477at7147,16477at7147
22575at7147,22575at7147
14803at7147,14803at7147
55858at7147,55858at7147
62507at7147,62507at7147
28368at7147,28368at7147
19859at7147,19859at7147
17694at7147,17694at7147
64660at7147,64660at7147
45870at7147,45870at7147
10536at7147,10536at7147
51873at7147,51873at7147
9107at7147,9107at7147
12806at7147,12806at7147
38000at7147,38000at7147
21256at7147,21256at7147
6287at7147,6287at7147
44989at7147,44989at7147
15060at7147,15060at7147
51335at7147,51335at7147
26389at7147,26389at7147
50307at7147,50307at7147
9117at7147,9117at7147
15731at7147,15731at7147
51566at7147,51566at7147
48479at7147,48479at7147
40401at7147,40401at7147
64694at7147,64694at7147
40735at7147,40735at7147
45344at7147,45344at7147
38580at7147,38580at7147
15511at7147,15511at7147
13960at7147,13960at7147
10174at7147,10174at7147
63380at7147,63380at7147
46814at7147,46814at7147
51262at7147,51262at7147
12102at7147,12102at7147
63528at7147,63528at7147
66084at7147,66084at7147
28693at7147,28693at7147
9566at7147,9566at7147
16621at7147,16621at7147
40279at7147,40279at7147
61027at7147,61027at7147
13221at7147,13221at7147
2987at7147,2987at7147
41654at7147,41654at7147
19232at7147,19232at7147
11809at7147,11809at7147
42944at7147,42944at7147
15594at7147,15594at7147
20684at7147,20684at7147
28377at7147,28377at7147
34940at7147,34940at7147
40328at7147,40328at7147
55811at7147,55811at7147
60572at7147,60572at7147
34356at7147,34356at7147
23062at7147,23062at7147
24754at7147,24754at7147
50370at7147,50370at7147
54442at7147,54442at7147
39206at7147,39206at7147
16269at7147,16269at7147
72890at7147,72890at7147
287at7147,287at7147
59703at7147,59703at7147
64681at7147,64681at7147
34806at7147,34806at7147
68312at7147,68312at7147
45092at7147,45092at7147
13948at7147,13948at7147
37759at7147,37759at7147
49075at7147,49075at7147
69738at7147,69738at7147
10022at7147,10022at7147
4015at7147,4015at7147
4922at7147,4922at7147
71842at7147,71842at7147
16029at7147,16029at7147
32511at7147,32511at7147
58160at7147,58160at7147
72689at7147,72689at7147
53947at7147,53947at7147
49777at7147,49777at7147
58635at7147,58635at7147
15804at7147,15804at7147
56442at7147,56442at7147
3250at7147,3250at7147
10205at7147,10205at7147
25596at7147,25596at7147
14495at7147,14495at7147
33983at7147,33983at7147
39057at7147,39057at7147
60173at7147,60173at7147
33001at7147,33001at7147
39344at7147,39344at7147
34725at7147,34725at7147
59651at7147,59651at7147
25016at7147,25016at7147
70775at7147,70775at7147
26777at7147,26777at7147
33325at7147,33325at7147
36943at7147,36943at7147
40372at7147,40372at7147
11394at7147,11394at7147
13982at7147,13982at7147
729at7147,729at7147
65176at7147,65176at7147
2625at7147,2625at7147
920at7147,920at7147
14481at7147,14481at7147
52940at7147,52940at7147
30434at7147,30434at7147
12192at7147,12192at7147
55389at7147,55389at7147
15458at7147,15458at7147
25842at7147,25842at7147
60225at7147,60225at7147
28837at7147,28837at7147
71691at7147,71691at7147
51776at7147,51776at7147
55464at7147,55464at7147
23111at7147,23111at7147
20019at7147,20019at7147
22054at7147,22054at7147
60077at7147,60077at7147
51359at7147,51359at7147
16069at7147,16069at7147
20817at7147,20817at7147
29529at7147,29529at7147
57770at7147,57770at7147
23356at7147,23356at7147
38937at7147,38937at7147
12403at7147,12403at7147
28056at7147,28056at7147
52991at7147,52991at7147
16925at7147,16925at7147
66428at7147,66428at7147
49141at7147,49141at7147
62707at7147,62707at7147
423at7147,423at7147
2213at7147,2213at7147
7340at7147,7340at7147
30988at7147,30988at7147
18017at7147,18017at7147
58705at7147,58705at7147
43648at7147,43648at7147
51247at7147,51247at7147
7426at7147,7426at7147
3605at7147,3605at7147
48501at7147,48501at7147
69811at7147,69811at7147
44529at7147,44529at7147
39086at7147,39086at7147
1789at7147,1789at7147
56852at7147,56852at7147
52479at7147,52479at7147
60191at7147,60191at7147
23416at7147,23416at7147
54063at7147,54063at7147
26963at7147,26963at7147
13442at7147,13442at7147
15769at7147,15769at7147
16385at7147,16385at7147
72807at7147,72807at7147
29083at7147,29083at7147
4336at7147,4336at7147
17918at7147,17918at7147
55500at7147,55500at7147
39801at7147,39801at7147
6852at7147,6852at7147
3700at7147,3700at7147
16404at7147,16404at7147
65789at7147,65789at7147
60480at7147,60480at7147
25168at7147,25168at7147
36896at7147,36896at7147
68189at7147,68189at7147
53617at7147,53617at7147
25000at7147,25000at7147
25939at7147,25939at7147
46495at7147,46495at7147
35757at7147,35757at7147
35031at7147,35031at7147
23840at7147,23840at7147
50898at7147,50898at7147
26228at7147,26228at7147
38311at7147,38311at7147
4244at7147,4244at7147
23902at7147,23902at7147
29429at7147,29429at7147
11384at7147,11384at7147
66771at7147,66771at7147
56893at7147,56893at7147
4801at7147,4801at7147
8929at7147,8929at7147
57525at7147,57525at7147
7272at7147,7272at7147
29717at7147,29717at7147
47948at7147,47948at7147
46331at7147,46331at7147
28861at7147,28861at7147
20206at7147,20206at7147
8820at7147,8820at7147
23271at7147,23271at7147
42486at7147,42486at7147
63687at7147,63687at7147
20993at7147,20993at7147
62640at7147,62640at7147
26762at7147,26762at7147
39596at7147,39596at7147
33597at7147,33597at7147
36818at7147,36818at7147
72379at7147,72379at7147
42904at7147,42904at7147
23455at7147,23455at7147
52488at7147,52488at7147
22659at7147,22659at7147
71155at7147,71155at7147
19571at7147,19571at7147
7966at7147,7966at7147
5566at7147,5566at7147
43998at7147,43998at7147
58117at7147,58117at7147
41192at7147,41192at7147
31375at7147,31375at7147
44085at7147,44085at7147
62712at7147,62712at7147
41342at7147,41342at7147
77688at7147,77688at7147
304at7147,304at7147
36767at7147,36767at7147
8472at7147,8472at7147
17669at7147,17669at7147
49327at7147,49327at7147
51139at7147,51139at7147
11713at7147,11713at7147
11757at7147,11757at7147
31071at7147,31071at7147
58749at7147,58749at7147
59303at7147,59303at7147
15589at7147,15589at7147
34044at7147,34044at7147
35694at7147,35694at7147
4416at7147,4416at7147
66984at7147,66984at7147
75600at7147,75600at7147
47477at7147,47477at7147
70842at7147,70842at7147
47835at7147,47835at7147
37960at7147,37960at7147
68516at7147,68516at7147
4853at7147,4853at7147
13930at7147,13930at7147
56844at7147,56844at7147
14276at7147,14276at7147
60370at7147,60370at7147
491at7147,491at7147
1273at7147,1273at7147
14354at7147,14354at7147
45748at7147,45748at7147
50361at7147,50361at7147
21751at7147,21751at7147
11854at7147,11854at7147
22088at7147,22088at7147
32996at7147,32996at7147
6894at7147,6894at7147
16900at7147,16900at7147
38112at7147,38112at7147
52267at7147,52267at7147
24586at7147,24586at7147
66841at7147,66841at7147
43898at7147,43898at7147
30675at7147,30675at7147
36810at7147,36810at7147
32656at7147,32656at7147
6097at7147,6097at7147
2377at7147,2377at7147
15319at7147,15319at7147
55487at7147,55487at7147
11437at7147,11437at7147
51410at7147,51410at7147
17815at7147,17815at7147
30962at7147,30962at7147
8534at7147,8534at7147
2953at7147,2953at7147
27820at7147,27820at7147
57922at7147,57922at7147
75726at7147,75726at7147
77574at7147,77574at7147
59276at7147,59276at7147
54914at7147,54914at7147
69660at7147,69660at7147
68467at7147,68467at7147
30447at7147,30447at7147
15248at7147,15248at7147
23230at7147,23230at7147
14162at7147,14162at7147
31137at7147,31137at7147
23164at7147,23164at7147
24119at7147,24119at7147
71529at7147,71529at7147
38799at7147,38799at7147
70809at7147,70809at7147
58819at7147,58819at7147
5950at7147,5950at7147
65680at7147,65680at7147
73045at7147,73045at7147
17764at7147,17764at7147
66044at7147,66044at7147
37626at7147,37626at7147
10893at7147,10893at7147
22925at7147,22925at7147
626at7147,626at7147
9717at7147,9717at7147
9064at7147,9064at7147
46346at7147,46346at7147
7071at7147,7071at7147
6572at7147,6572at7147
41693at7147,41693at7147
61165at7147,61165at7147
56475at7147,56475at7147
23969at7147,23969at7147
45641at7147,45641at7147
71518at7147,71518at7147
9148at7147,9148at7147
11832at7147,11832at7147
33706at7147,33706at7147
68649at7147,68649at7147
30497at7147,30497at7147
2306at7147,2306at7147
14184at7147,14184at7147
49727at7147,49727at7147
59868at7147,59868at7147
48299at7147,48299at7147
42370at7147,42370at7147
3884at7147,3884at7147
75615at7147,75615at7147
62276at7147,62276at7147
1216at7147,1216at7147
43616at7147,43616at7147
12809at7147,12809at7147
46967at7147,46967at7147
59733at7147,59733at7147
54244at7147,54244at7147
29644at7147,29644at7147
39616at7147,39616at7147
5446at7147,5446at7147
64047at7147,64047at7147
66486at7147,66486at7147
25519at7147,25519at7147
26214at7147,26214at7147
27281at7147,27281at7147
35099at7147,35099at7147
16700at7147,16700at7147
67371at7147,67371at7147
20966at7147,20966at7147
47829at7147,47829at7147
52490at7147,52490at7147
1846at7147,1846at7147
26753at7147,26753at7147
62447at7147,62447at7147
6503at7147,6503at7147
60267at7147,60267at7147
18970at7147,18970at7147
6006at7147,6006at7147
15520at7147,15520at7147
4382at7147,4382at7147
34129at7147,34129at7147
2948at7147,2948at7147
56151at7147,56151at7147
52215at7147,52215at7147
57553at7147,57553at7147
14774at7147,14774at7147
48748at7147,48748at7147
1957at7147,1957at7147
40951at7147,40951at7147
30786at7147,30786at7147
64516at7147,64516at7147
73718at7147,73718at7147
37197at7147,37197at7147
21101at7147,21101at7147
54180at7147,54180at7147
26605at7147,26605at7147
62494at7147,62494at7147
74419at7147,74419at7147
32485at7147,32485at7147
41891at7147,41891at7147
70210at7147,70210at7147
27616at7147,27616at7147
31625at7147,31625at7147
14969at7147,14969at7147
60950at7147,60950at7147
16926at7147,16926at7147
5195at7147,5195at7147
64515at7147,64515at7147
48535at7147,48535at7147
57860at7147,57860at7147
28148at7147,28148at7147
51420at7147,51420at7147
2315at7147,2315at7147
29744at7147,29744at7147
71287at7147,71287at7147
28459at7147,28459at7147
45851at7147,45851at7147
26671at7147,26671at7147
7954at7147,7954at7147
18521at7147,18521at7147
9844at7147,9844at7147
40441at7147,40441at7147
16851at7147,16851at7147
3183at7147,3183at7147
32618at7147,32618at7147
52283at7147,52283at7147
34834at7147,34834at7147
15355at7147,15355at7147
44515at7147,44515at7147
30184at7147,30184at7147
41593at7147,41593at7147
8084at7147,8084at7147
16831at7147,16831at7147
8505at7147,8505at7147
69434at7147,69434at7147
18465at7147,18465at7147
268at7147,268at7147
65971at7147,65971at7147
8729at7147,8729at7147
3841at7147,3841at7147
509at7147,509at7147
45230at7147,45230at7147
31484at7147,31484at7147
23623at7147,23623at7147
37021at7147,37021at7147
839at7147,839at7147
63412at7147,63412at7147
30773at7147,30773at7147
11495at7147,11495at7147
27237at7147,27237at7147
7575at7147,7575at7147
1858at7147,1858at7147
6450at7147,6450at7147
45582at7147,45582at7147
14367at7147,14367at7147
10808at7147,10808at7147
60606at7147,60606at7147
44827at7147,44827at7147
56900at7147,56900at7147
48184at7147,48184at7147
47465at7147,47465at7147
15849at7147,15849at7147
47801at7147,47801at7147
68921at7147,68921at7147
53935at7147,53935at7147
45322at7147,45322at7147
77016at7147,77016at7147
28191at7147,28191at7147
17535at7147,17535at7147
39903at7147,39903at7147
3753at7147,3753at7147
63993at7147,63993at7147
4163at7147,4163at7147
8675at7147,8675at7147
10433at7147,10433at7147
76154at7147,76154at7147
66038at7147,66038at7147
18862at7147,18862at7147
10103at7147,10103at7147
33776at7147,33776at7147
59352at7147,59352at7147
32752at7147,32752at7147
981at7147,981at7147
75854at7147,75854at7147
20952at7147,20952at7147
7429at7147,7429at7147
47106at7147,47106at7147
21803at7147,21803at7147
62833at7147,62833at7147
9828at7147,9828at7147
52349at7147,52349at7147
69797at7147,69797at7147
37894at7147,37894at7147
7535at7147,7535at7147
43696at7147,43696at7147
13288at7147,13288at7147
11923at7147,11923at7147
12368at7147,12368at7147
35147at7147,35147at7147
65776at7147,65776at7147
57140at7147,57140at7147
29212at7147,29212at7147
62268at7147,62268at7147
46580at7147,46580at7147
39249at7147,39249at7147
64910at7147,64910at7147
20612at7147,20612at7147
31040at7147,31040at7147
17173at7147,17173at7147
17374at7147,17374at7147
12185at7147,12185at7147
32140at7147,32140at7147
42517at7147,42517at7147
51624at7147,51624at7147
55709at7147,55709at7147
63194at7147,63194at7147
13446at7147,13446at7147
27420at7147,27420at7147
2656at7147,2656at7147
56505at7147,56505at7147
65272at7147,65272at7147
30832at7147,30832at7147
46489at7147,46489at7147
53602at7147,53602at7147
7384at7147,7384at7147
27263at7147,27263at7147
14488at7147,14488at7147
36447at7147,36447at7147
4612at7147,4612at7147
4355at7147,4355at7147
29484at7147,29484at7147
54268at7147,54268at7147
52009at7147,52009at7147
329at7147,329at7147
35225at7147,35225at7147
48840at7147,48840at7147
44741at7147,44741at7147
591at7147,591at7147
32751at7147,32751at7147
53166at7147,53166at7147
10392at7147,10392at7147
14838at7147,14838at7147
14881at7147,14881at7147
69282at7147,69282at7147
18875at7147,18875at7147
24954at7147,24954at7147
18967at7147,18967at7147
38816at7147,38816at7147
34561at7147,34561at7147
41724at7147,41724at7147
69514at7147,69514at7147
25991at7147,25991at7147
20175at7147,20175at7147
11311at7147,11311at7147
18316at7147,18316at7147
19899at7147,19899at7147
7673at7147,7673at7147
12916at7147,12916at7147
38619at7147,38619at7147
71329at7147,71329at7147
27014at7147,27014at7147
49833at7147,49833at7147
31423at7147,31423at7147
65531at7147,65531at7147
68985at7147,68985at7147
10797at7147,10797at7147
3831at7147,3831at7147
23133at7147,23133at7147
30930at7147,30930at7147
7661at7147,7661at7147
300at7147,300at7147
23144at7147,23144at7147
39384at7147,39384at7147
42417at7147,42417at7147
55248at7147,55248at7147
1009at7147,1009at7147
6178at7147,6178at7147
16005at7147,16005at7147
56661at7147,56661at7147
25963at7147,25963at7147
41769at7147,41769at7147
24076at7147,24076at7147
8545at7147,8545at7147
43750at7147,43750at7147
12291at7147,12291at7147
35043at7147,35043at7147
42709at7147,42709at7147
37798at7147,37798at7147
50309at7147,50309at7147
2483at7147,2483at7147
47497at7147,47497at7147
42259at7147,42259at7147
41123at7147,41123at7147
21415at7147,21415at7147
13664at7147,13664at7147
29095at7147,29095at7147
46457at7147,46457at7147
57319at7147,57319at7147
9709at7147,9709at7147
4451at7147,4451at7147
51002at7147,51002at7147
17191at7147,17191at7147
65072at7147,65072at7147
6375at7147,6375at7147
1388at7147,1388at7147
51879at7147,51879at7147
65279at7147,65279at7147
14146at7147,14146at7147
51469at7147,51469at7147
10872at7147,10872at7147
69460at7147,69460at7147
45354at7147,45354at7147
9295at7147,9295at7147
45811at7147,45811at7147
49818at7147,49818at7147
58555at7147,58555at7147
74827at7147,74827at7147
45273at7147,45273at7147
2780at7147,2780at7147
62437at7147,62437at7147
17701at7147,17701at7147
40537at7147,40537at7147
50821at7147,50821at7147
12835at7147,12835at7147
71342at7147,71342at7147
8830at7147,8830at7147
48280at7147,48280at7147
70493at7147,70493at7147
56188at7147,56188at7147
8518at7147,8518at7147
24583at7147,24583at7147
41775at7147,41775at7147
70047at7147,70047at7147
5853at7147,5853at7147
19060at7147,19060at7147
3440at7147,3440at7147
8902at7147,8902at7147
40867at7147,40867at7147
48966at7147,48966at7147
1629at7147,1629at7147
66305at7147,66305at7147
24614at7147,24614at7147
43558at7147,43558at7147
65916at7147,65916at7147
60714at7147,60714at7147
27236at7147,27236at7147
10826at7147,10826at7147
63584at7147,63584at7147
14482at7147,14482at7147
17682at7147,17682at7147
4291at7147,4291at7147
34761at7147,34761at7147
15236at7147,15236at7147
34800at7147,34800at7147
39646at7147,39646at7147
58466at7147,58466at7147
57980at7147,57980at7147
27548at7147,27548at7147
39475at7147,39475at7147
44411at7147,44411at7147
13374at7147,13374at7147
58205at7147,58205at7147
5770at7147,5770at7147
35629at7147,35629at7147
22318at7147,22318at7147
42884at7147,42884at7147
54756at7147,54756at7147
34997at7147,34997at7147
19745at7147,19745at7147
48664at7147,48664at7147
31817at7147,31817at7147
5481at7147,5481at7147
48155at7147,48155at7147
32369at7147,32369at7147
68124at7147,68124at7147
61733at7147,61733at7147
22678at7147,22678at7147
18262at7147,18262at7147
16706at7147,16706at7147
10126at7147,10126at7147
72116at7147,72116at7147
39659at7147,39659at7147
9337at7147,9337at7147
22440at7147,22440at7147
46546at7147,46546at7147
40707at7147,40707at7147
24524at7147,24524at7147
19929at7147,19929at7147
76216at7147,76216at7147
66766at7147,66766at7147
17712at7147,17712at7147
10627at7147,10627at7147
24204at7147,24204at7147
17467at7147,17467at7147
47297at7147,47297at7147
28005at7147,28005at7147
57736at7147,57736at7147
75990at7147,75990at7147
20at7147,20at7147
38188at7147,38188at7147
12697at7147,12697at7147
54167at7147,54167at7147
59243at7147,59243at7147
13413at7147,13413at7147
63631at7147,63631at7147
27633at7147,27633at7147
30391at7147,30391at7147
31241at7147,31241at7147
43623at7147,43623at7147
51823at7147,51823at7147
54050at7147,54050at7147
56055at7147,56055at7147
3724at7147,3724at7147
3264at7147,3264at7147
17392at7147,17392at7147
31360at7147,31360at7147
14816at7147,14816at7147
37557at7147,37557at7147
1460at7147,1460at7147
12831at7147,12831at7147
55696at7147,55696at7147
